{
    "0": {
        "Arc91": {
            "clear": 270.0166416000001,
            "ice": 0
        },
        "Arc92": {
            "clear": 270.0166416000001,
            "ice": 0
        }
    },
    "1": {
        "Arc91": {
            "clear": 33.26278035599999,
            "ice": 21.610062725470453
        },
        "Arc92": {
            "clear": 33.26278035599999,
            "ice": 26.86539348523729
        }
    },
    "2": {
        "Arc91": {
            "clear": 0,
            "ice": 4.056606221719849
        },
        "Arc92": {
            "clear": 0,
            "ice": 4.991935693008437
        }
    },
    "3": {
        "Arc91": {
            "clear": 90.76641563000005,
            "ice": 9.524919714452547
        },
        "Arc92": {
            "clear": 90.76641563000005,
            "ice": 10.583244127169484
        }
    },
    "4": {
        "Arc91": {
            "clear": 38.24922163040002,
            "ice": 3.1772992461327947
        },
        "Arc92": {
            "clear": 38.24922163040002,
            "ice": 3.5808981730638276
        }
    },
    "5": {
        "Arc91": {
            "clear": 655.3557373999988,
            "ice": 0
        },
        "Arc92": {
            "clear": 655.3557373999988,
            "ice": 0
        }
    },
    "6": {
        "Arc91": {
            "clear": 410.5701115999994,
            "ice": 0
        },
        "Arc92": {
            "clear": 410.5701115999994,
            "ice": 0
        }
    },
    "7": {
        "Arc91": {
            "clear": 119.56344919999974,
            "ice": 0
        },
        "Arc92": {
            "clear": 119.56344919999974,
            "ice": 0
        }
    },
    "8": {
        "Arc91": {
            "clear": 0,
            "ice": Infinity
        },
        "Arc92": {
            "clear": 0,
            "ice": Infinity
        }
    },
    "9": {
        "Arc91": {
            "clear": 0,
            "ice": 12.001346603877144
        },
        "Arc92": {
            "clear": 0,
            "ice": 13.334829559863456
        }
    },
    "10": {
        "Arc91": {
            "clear": 0,
            "ice": 13.13419398029271
        },
        "Arc92": {
            "clear": 0,
            "ice": 16.417742475365884
        }
    },
    "11": {
        "Arc91": {
            "clear": 0,
            "ice": 16.925024487062235
        },
        "Arc92": {
            "clear": 0,
            "ice": 21.156280608827775
        }
    },
    "12": {
        "Arc91": {
            "clear": 18.802697858,
            "ice": 9.94870845840839
        },
        "Arc92": {
            "clear": 18.802697858,
            "ice": 12.435885573010456
        }
    },
    "13": {
        "Arc91": {
            "clear": 0,
            "ice": 11.152708350549629
        },
        "Arc92": {
            "clear": 0,
            "ice": 12.391898167277395
        }
    },
    "14": {
        "Arc91": {
            "clear": 49.08957648000001,
            "ice": 1.7185074355844268
        },
        "Arc92": {
            "clear": 49.08957648000001,
            "ice": 1.9094527062049216
        }
    },
    "15": {
        "Arc91": {
            "clear": 29.683954104000016,
            "ice": 5.331033375409039
        },
        "Arc92": {
            "clear": 29.683954104000016,
            "ice": 6.069443915380135
        }
    },
    "16": {
        "Arc91": {
            "clear": 0,
            "ice": 18.57203083293256
        },
        "Arc92": {
            "clear": 0,
            "ice": 22.559331223426515
        }
    },
    "17": {
        "Arc91": {
            "clear": 0,
            "ice": 28.44475276449124
        },
        "Arc92": {
            "clear": 0,
            "ice": 35.22782746948958
        }
    },
    "18": {
        "Arc91": {
            "clear": 270.59211689999995,
            "ice": 0
        },
        "Arc92": {
            "clear": 270.59211689999995,
            "ice": 0
        }
    },
    "19": {
        "Arc91": {
            "clear": 8.935823652,
            "ice": 10.348392509609114
        },
        "Arc92": {
            "clear": 8.935823652,
            "ice": 12.777329654726486
        }
    },
    "20": {
        "Arc91": {
            "clear": 40.81344197200001,
            "ice": Infinity
        },
        "Arc92": {
            "clear": 40.81344197200001,
            "ice": Infinity
        }
    },
    "21": {
        "Arc91": {
            "clear": 278.1227556000001,
            "ice": 0
        },
        "Arc92": {
            "clear": 278.1227556000001,
            "ice": 0
        }
    },
    "22": {
        "Arc91": {
            "clear": 133.48720964099988,
            "ice": 11.272608659053608
        },
        "Arc92": {
            "clear": 133.48720964099988,
            "ice": 13.980002957482933
        }
    },
    "23": {
        "Arc91": {
            "clear": 0,
            "ice": 16.719720972597443
        },
        "Arc92": {
            "clear": 0,
            "ice": 20.899651215746808
        }
    },
    "24": {
        "Arc91": {
            "clear": 0,
            "ice": 10.678732918938671
        },
        "Arc92": {
            "clear": 0,
            "ice": 12.658304761728946
        }
    },
    "25": {
        "Arc91": {
            "clear": 288.1919175000002,
            "ice": 0
        },
        "Arc92": {
            "clear": 288.1919175000002,
            "ice": 0
        }
    },
    "26": {
        "Arc91": {
            "clear": 77.96516345599994,
            "ice": 2.977966851320708
        },
        "Arc92": {
            "clear": 77.96516345599994,
            "ice": 3.6152582607664425
        }
    },
    "27": {
        "Arc91": {
            "clear": 315.3047628000002,
            "ice": 0
        },
        "Arc92": {
            "clear": 315.3047628000002,
            "ice": 0
        }
    },
    "28": {
        "Arc91": {
            "clear": 69.1686127300001,
            "ice": 0
        },
        "Arc92": {
            "clear": 69.1686127300001,
            "ice": 0
        }
    },
    "29": {
        "Arc91": {
            "clear": 0,
            "ice": 20.05010189212664
        },
        "Arc92": {
            "clear": 0,
            "ice": 25.062627365158317
        }
    },
    "30": {
        "Arc91": {
            "clear": 14.765358639600008,
            "ice": 3.175226303224769
        },
        "Arc92": {
            "clear": 14.765358639600008,
            "ice": 3.9690328790309604
        }
    },
    "31": {
        "Arc91": {
            "clear": 0,
            "ice": 21.954289575764708
        },
        "Arc92": {
            "clear": 0,
            "ice": 26.24060998271435
        }
    },
    "32": {
        "Arc91": {
            "clear": 23.389188690000008,
            "ice": 3.2455384693092513
        },
        "Arc92": {
            "clear": 23.389188690000008,
            "ice": 3.6061538547880603
        }
    },
    "33": {
        "Arc91": {
            "clear": 445.9281381999988,
            "ice": 0
        },
        "Arc92": {
            "clear": 445.9281381999988,
            "ice": 0
        }
    },
    "34": {
        "Arc91": {
            "clear": 0,
            "ice": 31.67865737806956
        },
        "Arc92": {
            "clear": 0,
            "ice": 38.429699297922404
        }
    },
    "35": {
        "Arc91": {
            "clear": 0,
            "ice": 17.50536107975095
        },
        "Arc92": {
            "clear": 0,
            "ice": 21.19584503665822
        }
    },
    "36": {
        "Arc91": {
            "clear": 297.1508085000001,
            "ice": 0
        },
        "Arc92": {
            "clear": 297.1508085000001,
            "ice": 0
        }
    },
    "37": {
        "Arc91": {
            "clear": 97.78582258499993,
            "ice": 12.489960492302751
        },
        "Arc92": {
            "clear": 97.78582258499993,
            "ice": 13.87773388033641
        }
    },