{
    "0": {
        "Arc91": {
            "clear": 270.0166416000001,
            "ice": 0
        },
        "Arc92": {
            "clear": 270.0166416000001,
            "ice": 0
        }
    },
    "1": {
        "Arc91": {
            "clear": 49.89417053399998,
            "ice": Infinity
        },
        "Arc92": {
            "clear": 49.89417053399998,
            "ice": Infinity
        }
    },
    "2": {
        "Arc91": {
            "clear": 3.5034210792000002,
            "ice": 4.12663621035942
        },
        "Arc92": {
            "clear": 3.5034210792000002,
            "ice": 5.158295262949267
        }
    },
    "3": {
        "Arc91": {
            "clear": 71.65769655000004,
            "ice": 10.483668950879716
        },
        "Arc92": {
            "clear": 71.65769655000004,
            "ice": 11.64852105653302
        }
    },
    "4": {
        "Arc91": {
            "clear": 82.58354670200005,
            "ice": 0.2635360513914468
        },
        "Arc92": {
            "clear": 82.58354670200005,
            "ice": 0.2928178348793854
        }
    },
    "5": {
        "Arc91": {
            "clear": 655.3557373999988,
            "ice": 0
        },
        "Arc92": {
            "clear": 655.3557373999988,
            "ice": 0
        }
    },
    "6": {
        "Arc91": {
            "clear": 410.5701115999994,
            "ice": 0
        },
        "Arc92": {
            "clear": 410.5701115999994,
            "ice": 0
        }
    },
    "7": {
        "Arc91": {
            "clear": 119.56344919999974,
            "ice": 0
        },
        "Arc92": {
            "clear": 119.56344919999974,
            "ice": 0
        }
    },
    "8": {
        "Arc91": {
            "clear": 51.720531974999965,
            "ice": 10.0422964904016
        },
        "Arc92": {
            "clear": 51.720531974999965,
            "ice": 11.271702057600006
        }
    },
    "9": {
        "Arc91": {
            "clear": 42.053574354,
            "ice": 9.423184114438751
        },
        "Arc92": {
            "clear": 42.053574354,
            "ice": 10.565590096741323
        }
    },
    "10": {
        "Arc91": {
            "clear": 0,
            "ice": 13.839563640900014
        },
        "Arc92": {
            "clear": 0,
            "ice": 17.299454551125006
        }
    },
    "11": {
        "Arc91": {
            "clear": 18.519740487,
            "ice": 15.274652613254574
        },
        "Arc92": {
            "clear": 18.519740487,
            "ice": 19.09331576656823
        }
    },
    "12": {
        "Arc91": {
            "clear": 34.919296022000005,
            "ice": 8.486567635855387
        },
        "Arc92": {
            "clear": 34.919296022000005,
            "ice": 10.608209544819223
        }
    },
    "13": {
        "Arc91": {
            "clear": 29.64658585499999,
            "ice": 9.172145185437824
        },
        "Arc92": {
            "clear": 29.64658585499999,
            "ice": 10.19127242826424
        }
    },
    "14": {
        "Arc91": {
            "clear": 37.635341967999985,
            "ice": 2.3199850380389755
        },
        "Arc92": {
            "clear": 37.635341967999985,
            "ice": 2.577761153376645
        }
    },
    "15": {
        "Arc91": {
            "clear": 14.841977051999999,
            "ice": 5.991942042171979
        },
        "Arc92": {
            "clear": 14.841977051999999,
            "ice": 6.657713380191093
        }
    },
    "16": {
        "Arc91": {
            "clear": 4.9249172979999996,
            "ice": 16.2500899684357
        },
        "Arc92": {
            "clear": 4.9249172979999996,
            "ice": 19.473999882427133
        }
    },
    "17": {
        "Arc91": {
            "clear": 0,
            "ice": 27.255534706707145
        },
        "Arc92": {
            "clear": 0,
            "ice": 33.860618892213836
        }
    },
    "18": {
        "Arc91": {
            "clear": 270.59211689999995,
            "ice": 0
        },
        "Arc92": {
            "clear": 270.59211689999995,
            "ice": 0
        }
    },
    "19": {
        "Arc91": {
            "clear": 29.360563428000013,
            "ice": Infinity
        },
        "Arc92": {
            "clear": 29.360563428000013,
            "ice": Infinity
        }
    },
    "20": {
        "Arc91": {
            "clear": 54.887042652000034,
            "ice": 6.545805869883574
        },
        "Arc92": {
            "clear": 54.887042652000034,
            "ice": 7.967260254084675
        }
    },
    "21": {
        "Arc91": {
            "clear": 278.1227556000001,
            "ice": 0
        },
        "Arc92": {
            "clear": 278.1227556000001,
            "ice": 0
        }
    },
    "22": {
        "Arc91": {
            "clear": 133.48720964099988,
            "ice": 9.908981503242872
        },
        "Arc92": {
            "clear": 133.48720964099988,
            "ice": 12.386226879053602
        }
    },
    "23": {
        "Arc91": {
            "clear": 0,
            "ice": 16.96938690622091
        },
        "Arc92": {
            "clear": 0,
            "ice": 21.21173363277611
        }
    },
    "24": {
        "Arc91": {
            "clear": 0,
            "ice": 11.143978794793147
        },
        "Arc92": {
            "clear": 0,
            "ice": 13.515766190115817
        }
    },
    "25": {
        "Arc91": {
            "clear": 288.1919175000002,
            "ice": 0
        },
        "Arc92": {
            "clear": 288.1919175000002,
            "ice": 0
        }
    },
    "26": {
        "Arc91": {
            "clear": 88.92901456699988,
            "ice": 2.223137858993485
        },
        "Arc92": {
            "clear": 88.92901456699988,
            "ice": 2.7524313130336577
        }
    },
    "27": {
        "Arc91": {
            "clear": 315.3047628000002,
            "ice": 0
        },
        "Arc92": {
            "clear": 315.3047628000002,
            "ice": 0
        }
    },
    "28": {
        "Arc91": {
            "clear": 69.1686127300001,
            "ice": 0
        },
        "Arc92": {
            "clear": 69.1686127300001,
            "ice": 0
        }
    },
    "29": {
        "Arc91": {
            "clear": 0,
            "ice": 18.511633965446322
        },
        "Arc92": {
            "clear": 0,
            "ice": 23.139542456807963
        }
    },
    "30": {
        "Arc91": {
            "clear": 14.765358639600008,
            "ice": 3.059208630391791
        },
        "Arc92": {
            "clear": 14.765358639600008,
            "ice": 3.82401078798975
        }
    },
    "31": {
        "Arc91": {
            "clear": 3.084151996,
            "ice": 21.52467658611795
        },
        "Arc92": {
            "clear": 3.084151996,
            "ice": 25.714868172819532
        }
    },
    "32": {
        "Arc91": {
            "clear": 64.71008870900008,
            "ice": 0.7604730464207188
        },
        "Arc92": {
            "clear": 64.71008870900008,
            "ice": 0.844970051578576
        }
    },
    "33": {
        "Arc91": {
            "clear": 445.9281381999988,
            "ice": 0
        },
        "Arc92": {
            "clear": 445.9281381999988,
            "ice": 0
        }
    },
    "34": {
        "Arc91": {
            "clear": 17.450867652,
            "ice": 31.602565450032586
        },
        "Arc92": {
            "clear": 17.450867652,
            "ice": 38.530755467020256
        }
    },
    "35": {
        "Arc91": {
            "clear": 0,
            "ice": 16.687404301144042
        },
        "Arc92": {
            "clear": 0,
            "ice": 20.135062107554273
        }
    },
    "36": {
        "Arc91": {
            "clear": 297.1508085000001,
            "ice": 0
        },
        "Arc92": {
            "clear": 297.1508085000001,
            "ice": 0
        }
    },