{
    "0": {
        "Arc91": {
            "clear": 270.0166416000001,
            "ice": 0
        },
        "Arc92": {
            "clear": 270.0166416000001,
            "ice": 0
        }
    },
    "1": {
        "Arc91": {
            "clear": 33.26278035599999,
            "ice": 21.625698562118934
        },
        "Arc92": {
            "clear": 33.26278035599999,
            "ice": 26.926010622789125
        }
    },
    "2": {
        "Arc91": {
            "clear": 12.845877290399994,
            "ice": 2.6377832119448716
        },
        "Arc92": {
            "clear": 12.845877290399994,
            "ice": 2.930870235494293
        }
    },
    "3": {
        "Arc91": {
            "clear": 88.37782574500005,
            "ice": 9.720642045865103
        },
        "Arc92": {
            "clear": 88.37782574500005,
            "ice": 10.800713384294546
        }
    },
    "4": {
        "Arc91": {
            "clear": 59.98173392040004,
            "ice": 1.6961120061304975
        },
        "Arc92": {
            "clear": 59.98173392040004,
            "ice": 1.884568895700553
        }
    },
    "5": {
        "Arc91": {
            "clear": 655.3557373999988,
            "ice": 0
        },
        "Arc92": {
            "clear": 655.3557373999988,
            "ice": 0
        }
    },
    "6": {
        "Arc91": {
            "clear": 410.5701115999994,
            "ice": 0
        },
        "Arc92": {
            "clear": 410.5701115999994,
            "ice": 0
        }
    },
    "7": {
        "Arc91": {
            "clear": 119.56344919999974,
            "ice": 0
        },
        "Arc92": {
            "clear": 119.56344919999974,
            "ice": 0
        }
    },
    "8": {
        "Arc91": {
            "clear": 26.89467662699999,
            "ice": Infinity
        },
        "Arc92": {
            "clear": 26.89467662699999,
            "ice": Infinity
        }
    },
    "9": {
        "Arc91": {
            "clear": 0,
            "ice": 12.4769306397609
        },
        "Arc92": {
            "clear": 0,
            "ice": 14.19388400236649
        }
    },
    "10": {
        "Arc91": {
            "clear": 0,
            "ice": 13.182525312467842
        },
        "Arc92": {
            "clear": 0,
            "ice": 16.171993471088392
        }
    },
    "11": {
        "Arc91": {
            "clear": 0,
            "ice": 16.21642231880547
        },
        "Arc92": {
            "clear": 0,
            "ice": 19.642678445079376
        }
    },
    "12": {
        "Arc91": {
            "clear": 17.459648011,
            "ice": 8.499914562550563
        },
        "Arc92": {
            "clear": 17.459648011,
            "ice": 10.2380447626964
        }
    },
    "13": {
        "Arc91": {
            "clear": 0,
            "ice": 10.774340915855293
        },
        "Arc92": {
            "clear": 0,
            "ice": 11.971489906505893
        }
    },
    "14": {
        "Arc91": {
            "clear": 49.08957648000001,
            "ice": 1.7185074355844268
        },
        "Arc92": {
            "clear": 49.08957648000001,
            "ice": 1.9094527062049216
        }
    },
    "15": {
        "Arc91": {
            "clear": 71.736222418,
            "ice": 2.6695333364720777
        },
        "Arc92": {
            "clear": 71.736222418,
            "ice": 2.966148151635639
        }
    },
    "16": {
        "Arc91": {
            "clear": 0,
            "ice": 18.65198333315107
        },
        "Arc92": {
            "clear": 0,
            "ice": 22.93759468100276
        }
    },
    "17": {
        "Arc91": {
            "clear": 0,
            "ice": 27.60499464943175
        },
        "Arc92": {
            "clear": 0,
            "ice": 33.90120984837697
        }
    },
    "18": {
        "Arc91": {
            "clear": 270.59211689999995,
            "ice": 0
        },
        "Arc92": {
            "clear": 270.59211689999995,
            "ice": 0
        }
    },
    "19": {
        "Arc91": {
            "clear": 8.935823652,
            "ice": 10.388460000755366
        },
        "Arc92": {
            "clear": 8.935823652,
            "ice": 12.887838650852819
        }
    },
    "20": {
        "Arc91": {
            "clear": 40.81344197200001,
            "ice": Infinity
        },
        "Arc92": {
            "clear": 40.81344197200001,
            "ice": Infinity
        }
    },
    "21": {
        "Arc91": {
            "clear": 278.1227556000001,
            "ice": 0
        },
        "Arc92": {
            "clear": 278.1227556000001,
            "ice": 0
        }
    },
    "22": {
        "Arc91": {
            "clear": 146.08034262599992,
            "ice": 10.475152021448137
        },
        "Arc92": {
            "clear": 146.08034262599992,
            "ice": 13.09394002681018
        }
    },
    "23": {
        "Arc91": {
            "clear": 0,
            "ice": 14.539287111346164
        },
        "Arc92": {
            "clear": 0,
            "ice": 16.25079269085315
        }
    },
    "24": {
        "Arc91": {
            "clear": 0,
            "ice": 10.434716150044386
        },
        "Arc92": {
            "clear": 0,
            "ice": 12.210536309964262
        }
    },
    "25": {
        "Arc91": {
            "clear": 288.1919175000002,
            "ice": 0
        },
        "Arc92": {
            "clear": 288.1919175000002,
            "ice": 0
        }
    },
    "26": {
        "Arc91": {
            "clear": 92.58363160399986,
            "ice": 1.737819753058424
        },
        "Arc92": {
            "clear": 92.58363160399986,
            "ice": 1.9309108367315835
        }
    },
    "27": {
        "Arc91": {
            "clear": 315.3047628000002,
            "ice": 0
        },
        "Arc92": {
            "clear": 315.3047628000002,
            "ice": 0
        }
    },
    "28": {
        "Arc91": {
            "clear": 69.1686127300001,
            "ice": 0
        },
        "Arc92": {
            "clear": 69.1686127300001,
            "ice": 0
        }
    },
    "29": {
        "Arc91": {
            "clear": 0,
            "ice": 19.27864965914928
        },
        "Arc92": {
            "clear": 0,
            "ice": 23.94577432777009
        }
    },
    "30": {
        "Arc91": {
            "clear": 14.765358639600008,
            "ice": 3.175226303224769
        },
        "Arc92": {
            "clear": 14.765358639600008,
            "ice": 3.9690328790309604
        }
    },
    "31": {
        "Arc91": {
            "clear": 0,
            "ice": 23.014726707736727
        },
        "Arc92": {
            "clear": 0,
            "ice": 27.541263884428027
        }
    },
    "32": {
        "Arc91": {
            "clear": 46.778377380000045,
            "ice": 1.961227271573165
        },
        "Arc92": {
            "clear": 46.778377380000045,
            "ice": 2.1791414128590705
        }
    },
    "33": {
        "Arc91": {
            "clear": 445.9281381999988,
            "ice": 0
        },
        "Arc92": {
            "clear": 445.9281381999988,
            "ice": 0
        }
    },
    "34": {
        "Arc91": {
            "clear": 17.450867652,
            "ice": 30.18959617869706
        },
        "Arc92": {
            "clear": 17.450867652,
            "ice": 35.7935196333655
        }
    },
    "35": {
        "Arc91": {
            "clear": 0,
            "ice": 17.638283496750276
        },
        "Arc92": {
            "clear": 0,
            "ice": 21.884493373648723
        }
    },
    "36": {
        "Arc91": {
            "clear": 297.1508085000001,
            "ice": 0
        },
        "Arc92": {
            "clear": 297.1508085000001,
            "ice": 0
        }
    },
    "37": {
        "Arc91": {
            "clear": 97.78582258499993,
            "ice": 12.787959833884637
        },