{
    "0": {
        "Arc91": {
            "clear": 270.0166416000001,
            "ice": 0
        },
        "Arc92": {
            "clear": 270.0166416000001,
            "ice": 0
        }
    },
    "1": {
        "Arc91": {
            "clear": 41.57847544499999,
            "ice": 20.562811034068364
        },
        "Arc92": {
            "clear": 41.57847544499999,
            "ice": 25.70351379258546
        }
    },
    "2": {
        "Arc91": {
            "clear": 49.04789510879995,
            "ice": 0.5532878815616666
        },
        "Arc92": {
            "clear": 49.04789510879995,
            "ice": 0.6147643128462963
        }
    },
    "3": {
        "Arc91": {
            "clear": 100.32077517000006,
            "ice": 8.956988515070405
        },
        "Arc92": {
            "clear": 100.32077517000006,
            "ice": 9.952209461189332
        }
    },
    "4": {
        "Arc91": {
            "clear": 85.19144817680005,
            "ice": 0.14356652736664158
        },
        "Arc92": {
            "clear": 85.19144817680005,
            "ice": 0.17945815920830196
        }
    },
    "5": {
        "Arc91": {
            "clear": 655.3557373999988,
            "ice": 0
        },
        "Arc92": {
            "clear": 655.3557373999988,
            "ice": 0
        }
    },
    "6": {
        "Arc91": {
            "clear": 410.5701115999994,
            "ice": 0
        },
        "Arc92": {
            "clear": 410.5701115999994,
            "ice": 0
        }
    },
    "7": {
        "Arc91": {
            "clear": 119.56344919999974,
            "ice": 0
        },
        "Arc92": {
            "clear": 119.56344919999974,
            "ice": 0
        }
    },
    "8": {
        "Arc91": {
            "clear": 35.16996174299998,
            "ice": Infinity
        },
        "Arc92": {
            "clear": 35.16996174299998,
            "ice": Infinity
        }
    },
    "9": {
        "Arc91": {
            "clear": 72.637992066,
            "ice": 7.787704970853513
        },
        "Arc92": {
            "clear": 72.637992066,
            "ice": 9.038737881796996
        }
    },
    "10": {
        "Arc91": {
            "clear": 0,
            "ice": 13.219843542418237
        },
        "Arc92": {
            "clear": 0,
            "ice": 16.289695327228372
        }
    },
    "11": {
        "Arc91": {
            "clear": 0,
            "ice": 16.130978740964167
        },
        "Arc92": {
            "clear": 0,
            "ice": 19.712273667349553
        }
    },
    "12": {
        "Arc91": {
            "clear": 80.5829908200001,
            "ice": 4.954823283186855
        },
        "Arc92": {
            "clear": 80.5829908200001,
            "ice": 6.193529103983573
        }
    },
    "13": {
        "Arc91": {
            "clear": 130.79376112500017,
            "ice": 2.662412493597376
        },
        "Arc92": {
            "clear": 130.79376112500017,
            "ice": 2.958236103997084
        }
    },
    "14": {
        "Arc91": {
            "clear": 49.08957648000001,
            "ice": 1.7185074355844268
        },
        "Arc92": {
            "clear": 49.08957648000001,
            "ice": 1.9094527062049216
        }
    },
    "15": {
        "Arc91": {
            "clear": 117.49898499500019,
            "ice": 0.35495356017871205
        },
        "Arc92": {
            "clear": 117.49898499500019,
            "ice": 0.39439284464301333
        }
    },
    "16": {
        "Arc91": {
            "clear": 2.4624586489999998,
            "ice": 15.62686694194054
        },
        "Arc92": {
            "clear": 2.4624586489999998,
            "ice": 17.65681996297209
        }
    },
    "17": {
        "Arc91": {
            "clear": 0,
            "ice": 26.534457416096156
        },
        "Arc92": {
            "clear": 0,
            "ice": 32.21646047602119
        }
    },
    "18": {
        "Arc91": {
            "clear": 270.59211689999995,
            "ice": 0
        },
        "Arc92": {
            "clear": 270.59211689999995,
            "ice": 0
        }
    },
    "19": {
        "Arc91": {
            "clear": 17.871647304,
            "ice": 9.979398426540092
        },
        "Arc92": {
            "clear": 17.871647304,
            "ice": 12.4742480331751
        }
    },
    "20": {
        "Arc91": {
            "clear": 40.81344197200001,
            "ice": Infinity
        },
        "Arc92": {
            "clear": 40.81344197200001,
            "ice": Infinity
        }
    },
    "21": {
        "Arc91": {
            "clear": 278.1227556000001,
            "ice": 0
        },
        "Arc92": {
            "clear": 278.1227556000001,
            "ice": 0
        }
    },
    "22": {
        "Arc91": {
            "clear": 146.08034262599992,
            "ice": 10.475152021448137
        },
        "Arc92": {
            "clear": 146.08034262599992,
            "ice": 13.09394002681018
        }
    },
    "23": {
        "Arc91": {
            "clear": 0,
            "ice": 14.586517624061727
        },
        "Arc92": {
            "clear": 0,
            "ice": 16.634434672515933
        }
    },
    "24": {
        "Arc91": {
            "clear": 65.44683703800007,
            "ice": 5.400424945741644
        },
        "Arc92": {
            "clear": 65.44683703800007,
            "ice": 6.016870162393305
        }
    },
    "25": {
        "Arc91": {
            "clear": 288.1919175000002,
            "ice": 0
        },
        "Arc92": {
            "clear": 288.1919175000002,
            "ice": 0
        }
    },
    "26": {
        "Arc91": {
            "clear": 88.92901456699988,
            "ice": 1.9036097343515848
        },
        "Arc92": {
            "clear": 88.92901456699988,
            "ice": 2.1151219270573143
        }
    },
    "27": {
        "Arc91": {
            "clear": 315.3047628000002,
            "ice": 0
        },
        "Arc92": {
            "clear": 315.3047628000002,
            "ice": 0
        }
    },
    "28": {
        "Arc91": {
            "clear": 69.1686127300001,
            "ice": 0
        },
        "Arc92": {
            "clear": 69.1686127300001,
            "ice": 0
        }
    },
    "29": {
        "Arc91": {
            "clear": 21.140470332000003,
            "ice": 15.953269814255234
        },
        "Arc92": {
            "clear": 21.140470332000003,
            "ice": 19.2029434986113
        }
    },
    "30": {
        "Arc91": {
            "clear": 14.765358639600008,
            "ice": 3.175226303224769
        },
        "Arc92": {
            "clear": 14.765358639600008,
            "ice": 3.9690328790309604
        }
    },
    "31": {
        "Arc91": {
            "clear": 0,
            "ice": 23.82215396666988
        },
        "Arc92": {
            "clear": 0,
            "ice": 28.95208348144002
        }
    },
    "32": {
        "Arc91": {
            "clear": 77.96396229999998,
            "ice": 0
        },
        "Arc92": {
            "clear": 77.96396229999998,
            "ice": 0
        }
    },
    "33": {
        "Arc91": {
            "clear": 445.9281381999988,
            "ice": 0
        },
        "Arc92": {
            "clear": 445.9281381999988,
            "ice": 0
        }
    },
    "34": {
        "Arc91": {
            "clear": 0,
            "ice": 30.843736765273697
        },
        "Arc92": {
            "clear": 0,
            "ice": 36.398237304119206
        }
    },
    "35": {
        "Arc91": {
            "clear": 25.240351091999994,
            "ice": 14.469340649571032
        },
        "Arc92": {
            "clear": 25.240351091999994,
            "ice": 17.346967076238382
        }
    },
    "36": {
        "Arc91": {
            "clear": 297.1508085000001,
            "ice": 0
        },
        "Arc92": {
            "clear": 297.1508085000001,
            "ice": 0
        }
    },