{
    "0": {
        "Arc91": {
            "clear": 270.0166416000001,
            "ice": 0
        },
        "Arc92": {
            "clear": 270.0166416000001,
            "ice": 0
        }
    },
    "1": {
        "Arc91": {
            "clear": 33.26278035599999,
            "ice": 16.856481332071258
        },
        "Arc92": {
            "clear": 33.26278035599999,
            "ice": 19.861664317708247
        }
    },
    "2": {
        "Arc91": {
            "clear": 21.604429988399982,
            "ice": 2.733820127980191
        },
        "Arc92": {
            "clear": 21.604429988399982,
            "ice": 3.4172751599752402
        }
    },
    "3": {
        "Arc91": {
            "clear": 71.65769655000004,
            "ice": Infinity
        },
        "Arc92": {
            "clear": 71.65769655000004,
            "ice": Infinity
        }
    },
    "4": {
        "Arc91": {
            "clear": 13.039507374000003,
            "ice": 4.614157917691865
        },
        "Arc92": {
            "clear": 13.039507374000003,
            "ice": 5.143503640891643
        }
    },
    "5": {
        "Arc91": {
            "clear": 655.3557373999988,
            "ice": 0
        },
        "Arc92": {
            "clear": 655.3557373999988,
            "ice": 0
        }
    },
    "6": {
        "Arc91": {
            "clear": 410.5701115999994,
            "ice": 0
        },
        "Arc92": {
            "clear": 410.5701115999994,
            "ice": 0
        }
    },
    "7": {
        "Arc91": {
            "clear": 119.56344919999974,
            "ice": 0
        },
        "Arc92": {
            "clear": 119.56344919999974,
            "ice": 0
        }
    },
    "8": {
        "Arc91": {
            "clear": 6.206463836999999,
            "ice": 13.474631027217582
        },
        "Arc92": {
            "clear": 6.206463836999999,
            "ice": 15.549322025450719
        }
    },
    "9": {
        "Arc91": {
            "clear": 36.318996033,
            "ice": 9.548079278079712
        },
        "Arc92": {
            "clear": 36.318996033,
            "ice": 10.608976975644115
        }
    },
    "10": {
        "Arc91": {
            "clear": 0,
            "ice": 13.79270686167147
        },
        "Arc92": {
            "clear": 0,
            "ice": 17.240883577089313
        }
    },
    "11": {
        "Arc91": {
            "clear": 0,
            "ice": 16.549120493289763
        },
        "Arc92": {
            "clear": 0,
            "ice": 20.686400616612218
        }
    },
    "12": {
        "Arc91": {
            "clear": 34.919296022000005,
            "ice": 8.58270077953342
        },
        "Arc92": {
            "clear": 34.919296022000005,
            "ice": 10.728375974416767
        }
    },
    "13": {
        "Arc91": {
            "clear": 15.695251335000002,
            "ice": 9.618491205184485
        },
        "Arc92": {
            "clear": 15.695251335000002,
            "ice": 10.687212450204994
        }
    },
    "14": {
        "Arc91": {
            "clear": 37.635341967999985,
            "ice": 2.3199850380389755
        },
        "Arc92": {
            "clear": 37.635341967999985,
            "ice": 2.577761153376645
        }
    },
    "15": {
        "Arc91": {
            "clear": 1.236831421,
            "ice": 7.323873777839593
        },
        "Arc92": {
            "clear": 1.236831421,
            "ice": 8.137637530932903
        }
    },
    "16": {
        "Arc91": {
            "clear": 4.9249172979999996,
            "ice": 16.93797877320256
        },
        "Arc92": {
            "clear": 4.9249172979999996,
            "ice": 20.098810632968256
        }
    },
    "17": {
        "Arc91": {
            "clear": 0,
            "ice": 27.435795310953598
        },
        "Arc92": {
            "clear": 0,
            "ice": 33.96663065256756
        }
    },
    "18": {
        "Arc91": {
            "clear": 270.59211689999995,
            "ice": 0
        },
        "Arc92": {
            "clear": 270.59211689999995,
            "ice": 0
        }
    },
    "19": {
        "Arc91": {
            "clear": 8.935823652,
            "ice": 7.9510962584210265
        },
        "Arc92": {
            "clear": 8.935823652,
            "ice": 9.254106643556083
        }
    },
    "20": {
        "Arc91": {
            "clear": 37.998721836,
            "ice": 7.563717234509412
        },
        "Arc92": {
            "clear": 37.998721836,
            "ice": 9.098272881446716
        }
    },
    "21": {
        "Arc91": {
            "clear": 278.1227556000001,
            "ice": 0
        },
        "Arc92": {
            "clear": 278.1227556000001,
            "ice": 0
        }
    },
    "22": {
        "Arc91": {
            "clear": 133.48720964099988,
            "ice": 8.93222866078878
        },
        "Arc92": {
            "clear": 133.48720964099988,
            "ice": 11.165285825985992
        }
    },
    "23": {
        "Arc91": {
            "clear": 0,
            "ice": 16.92968368395703
        },
        "Arc92": {
            "clear": 0,
            "ice": 21.162104604946265
        }
    },
    "24": {
        "Arc91": {
            "clear": 0,
            "ice": 10.488768107196869
        },
        "Arc92": {
            "clear": 0,
            "ice": 12.28148740328422
        }
    },
    "25": {
        "Arc91": {
            "clear": 288.1919175000002,
            "ice": 0
        },
        "Arc92": {
            "clear": 288.1919175000002,
            "ice": 0
        }
    },
    "26": {
        "Arc91": {
            "clear": 45.07361012300001,
            "ice": 4.532495036768897
        },
        "Arc92": {
            "clear": 45.07361012300001,
            "ice": 5.036105596409885
        }
    },
    "27": {
        "Arc91": {
            "clear": 315.3047628000002,
            "ice": 0
        },
        "Arc92": {
            "clear": 315.3047628000002,
            "ice": 0
        }
    },
    "28": {
        "Arc91": {
            "clear": 69.1686127300001,
            "ice": 0
        },
        "Arc92": {
            "clear": 69.1686127300001,
            "ice": 0
        }
    },
    "29": {
        "Arc91": {
            "clear": 0,
            "ice": 19.086925817160907
        },
        "Arc92": {
            "clear": 0,
            "ice": 23.793283951665547
        }
    },
    "30": {
        "Arc91": {
            "clear": 14.765358639600008,
            "ice": 3.059208630391791
        },
        "Arc92": {
            "clear": 14.765358639600008,
            "ice": 3.82401078798975
        }
    },
    "31": {
        "Arc91": {
            "clear": 0,
            "ice": 22.095512415779773
        },
        "Arc92": {
            "clear": 0,
            "ice": 26.558574474978872
        }
    },
    "32": {
        "Arc91": {
            "clear": 32.74486416600002,
            "ice": 2.795010757705687
        },
        "Arc92": {
            "clear": 32.74486416600002,
            "ice": 3.105567508561873
        }
    },
    "33": {
        "Arc91": {
            "clear": 445.9281381999988,
            "ice": 0
        },
        "Arc92": {
            "clear": 445.9281381999988,
            "ice": 0
        }
    },
    "34": {
        "Arc91": {
            "clear": 0,
            "ice": 32.65078966356989
        },
        "Arc92": {
            "clear": 0,
            "ice": 39.977420280217835
        }
    },
    "35": {
        "Arc91": {
            "clear": 0,
            "ice": 16.71522579040345
        },
        "Arc92": {
            "clear": 0,
            "ice": 20.17977499712612
        }
    },
    "36": {
        "Arc91": {
            "clear": 297.1508085000001,
            "ice": 0
        },
        "Arc92": {
            "clear": 297.1508085000001,
            "ice": 0
        }
    },
    "37": {
        "Arc91": {
            "clear": 94.82261583999994,