{
    "0": {
        "Arc91": {
            "clear": 270.0166416000001,
            "ice": 0
        },
        "Arc92": {
            "clear": 270.0166416000001,
            "ice": 0
        }
    },
    "1": {
        "Arc91": {
            "clear": 33.26278035599999,
            "ice": 18.60026812268119
        },
        "Arc92": {
            "clear": 33.26278035599999,
            "ice": 22.598161579443794
        }
    },
    "2": {
        "Arc91": {
            "clear": 0,
            "ice": 4.641439060520546
        },
        "Arc92": {
            "clear": 0,
            "ice": 5.747166281036628
        }
    },
    "3": {
        "Arc91": {
            "clear": 83.60064597500005,
            "ice": 10.408605416730879
        },
        "Arc92": {
            "clear": 83.60064597500005,
            "ice": 12.025473092661635
        }
    },
    "4": {
        "Arc91": {
            "clear": 13.039507374000003,
            "ice": 4.3838353338118115
        },
        "Arc92": {
            "clear": 13.039507374000003,
            "ice": 4.870928148679791
        }
    },
    "5": {
        "Arc91": {
            "clear": 655.3557373999988,
            "ice": 0
        },
        "Arc92": {
            "clear": 655.3557373999988,
            "ice": 0
        }
    },
    "6": {
        "Arc91": {
            "clear": 410.5701115999994,
            "ice": 0
        },
        "Arc92": {
            "clear": 410.5701115999994,
            "ice": 0
        }
    },
    "7": {
        "Arc91": {
            "clear": 119.56344919999974,
            "ice": 0
        },
        "Arc92": {
            "clear": 119.56344919999974,
            "ice": 0
        }
    },
    "8": {
        "Arc91": {
            "clear": 6.206463836999999,
            "ice": 13.516727424424236
        },
        "Arc92": {
            "clear": 6.206463836999999,
            "ice": 15.514767913816323
        }
    },
    "9": {
        "Arc91": {
            "clear": 82.195622601,
            "ice": 6.584991547673022
        },
        "Arc92": {
            "clear": 82.195622601,
            "ice": 7.316657275192235
        }
    },
    "10": {
        "Arc91": {
            "clear": 0,
            "ice": 11.563155769875952
        },
        "Arc92": {
            "clear": 0,
            "ice": 13.581112299596663
        }
    },
    "11": {
        "Arc91": {
            "clear": 0,
            "ice": 17.972248080720544
        },
        "Arc92": {
            "clear": 0,
            "ice": 22.46531010090071
        }
    },
    "12": {
        "Arc91": {
            "clear": 18.802697858,
            "ice": Infinity
        },
        "Arc92": {
            "clear": 18.802697858,
            "ice": Infinity
        }
    },
    "13": {
        "Arc91": {
            "clear": 136.0255115700002,
            "ice": 2.2637659091701345
        },
        "Arc92": {
            "clear": 136.0255115700002,
            "ice": 2.515295454633483
        }
    },
    "14": {
        "Arc91": {
            "clear": 37.635341967999985,
            "ice": 2.3199850380389755
        },
        "Arc92": {
            "clear": 37.635341967999985,
            "ice": 2.577761153376645
        }
    },
    "15": {
        "Arc91": {
            "clear": 1.236831421,
            "ice": 7.3424949908011845
        },
        "Arc92": {
            "clear": 1.236831421,
            "ice": 8.158327767556884
        }
    },
    "16": {
        "Arc91": {
            "clear": 34.47442108599999,
            "ice": 15.939208212497178
        },
        "Arc92": {
            "clear": 34.47442108599999,
            "ice": 19.46072257609458
        }
    },
    "17": {
        "Arc91": {
            "clear": 0,
            "ice": 28.397313764567134
        },
        "Arc92": {
            "clear": 0,
            "ice": 35.136880049001675
        }
    },
    "18": {
        "Arc91": {
            "clear": 270.59211689999995,
            "ice": 0
        },
        "Arc92": {
            "clear": 270.59211689999995,
            "ice": 0
        }
    },
    "19": {
        "Arc91": {
            "clear": 8.935823652,
            "ice": 8.149220783641322
        },
        "Arc92": {
            "clear": 8.935823652,
            "ice": 9.306688350001904
        }
    },
    "20": {
        "Arc91": {
            "clear": 105.55200510000013,
            "ice": Infinity
        },
        "Arc92": {
            "clear": 105.55200510000013,
            "ice": Infinity
        }
    },
    "21": {
        "Arc91": {
            "clear": 278.1227556000001,
            "ice": 0
        },
        "Arc92": {
            "clear": 278.1227556000001,
            "ice": 0
        }
    },
    "22": {
        "Arc91": {
            "clear": 133.48720964099988,
            "ice": 9.571468646367476
        },
        "Arc92": {
            "clear": 133.48720964099988,
            "ice": 11.964335807959362
        }
    },
    "23": {
        "Arc91": {
            "clear": 0,
            "ice": 19.060555461160195
        },
        "Arc92": {
            "clear": 0,
            "ice": 23.825694326450204
        }
    },
    "24": {
        "Arc91": {
            "clear": 0,
            "ice": 11.626715064239058
        },
        "Arc92": {
            "clear": 0,
            "ice": 14.12172750840766
        }
    },
    "25": {
        "Arc91": {
            "clear": 288.1919175000002,
            "ice": 0
        },
        "Arc92": {
            "clear": 288.1919175000002,
            "ice": 0
        }
    },
    "26": {
        "Arc91": {
            "clear": 88.92901456699988,
            "ice": 1.9091930176346068
        },
        "Arc92": {
            "clear": 88.92901456699988,
            "ice": 2.1213255751495637
        }
    },
    "27": {
        "Arc91": {
            "clear": 315.3047628000002,
            "ice": 0
        },
        "Arc92": {
            "clear": 315.3047628000002,
            "ice": 0
        }
    },
    "28": {
        "Arc91": {
            "clear": 69.1686127300001,
            "ice": 0
        },
        "Arc92": {
            "clear": 69.1686127300001,
            "ice": 0
        }
    },
    "29": {
        "Arc91": {
            "clear": 0,
            "ice": 19.61568028225911
        },
        "Arc92": {
            "clear": 0,
            "ice": 24.371364928095385
        }
    },
    "30": {
        "Arc91": {
            "clear": 14.765358639600008,
            "ice": Infinity
        },
        "Arc92": {
            "clear": 14.765358639600008,
            "ice": Infinity
        }
    },
    "31": {
        "Arc91": {
            "clear": 0,
            "ice": 24.402444919863658
        },
        "Arc92": {
            "clear": 0,
            "ice": 29.719367143918205
        }
    },
    "32": {
        "Arc91": {
            "clear": 15.592792459999995,
            "ice": 3.667785325217944
        },
        "Arc92": {
            "clear": 15.592792459999995,
            "ice": 4.075317028019934
        }
    },
    "33": {
        "Arc91": {
            "clear": 445.9281381999988,
            "ice": 0
        },
        "Arc92": {
            "clear": 445.9281381999988,
            "ice": 0
        }
    },
    "34": {
        "Arc91": {
            "clear": 17.450867652,
            "ice": 32.66976573430152
        },
        "Arc92": {
            "clear": 17.450867652,
            "ice": 39.97574806699835
        }
    },
    "35": {
        "Arc91": {
            "clear": 0,
            "ice": 16.83276429856659
        },
        "Arc92": {
            "clear": 0,
            "ice": 20.320904822824875
        }
    },
    "36": {
        "Arc91": {
            "clear": 297.1508085000001,
            "ice": 0
        },
        "Arc92": {
            "clear": 297.1508085000001,
            "ice": 0
        }
    },
    "37": {
        "Arc91": {
            "clear": 80.00658211499997,
            "ice": 14.868210068053992
        },