{
    "0": {
        "Arc91": {
            "clear": 261.9161423520001,
            "ice": 0.46235478234306276
        },
        "Arc92": {
            "clear": 261.9161423520001,
            "ice": 0.5137275359367364
        }
    },
    "1": {
        "Arc91": {
            "clear": 41.57847544499999,
            "ice": 19.703977184923453
        },
        "Arc92": {
            "clear": 41.57847544499999,
            "ice": 24.629971481154318
        }
    },
    "2": {
        "Arc91": {
            "clear": 0,
            "ice": 4.050517005890732
        },
        "Arc92": {
            "clear": 0,
            "ice": 4.698759092362314
        }
    },
    "3": {
        "Arc91": {
            "clear": 71.65769655000004,
            "ice": 10.578513267078916
        },
        "Arc92": {
            "clear": 71.65769655000004,
            "ice": 12.020615718935316
        }
    },
    "4": {
        "Arc91": {
            "clear": 85.19144817680005,
            "ice": 0.14724741109876946
        },
        "Arc92": {
            "clear": 85.19144817680005,
            "ice": 0.1840592638734618
        }
    },
    "5": {
        "Arc91": {
            "clear": 655.3557373999988,
            "ice": 0
        },
        "Arc92": {
            "clear": 655.3557373999988,
            "ice": 0
        }
    },
    "6": {
        "Arc91": {
            "clear": 410.5701115999994,
            "ice": 0
        },
        "Arc92": {
            "clear": 410.5701115999994,
            "ice": 0
        }
    },
    "7": {
        "Arc91": {
            "clear": 119.56344919999974,
            "ice": 0
        },
        "Arc92": {
            "clear": 119.56344919999974,
            "ice": 0
        }
    },
    "8": {
        "Arc91": {
            "clear": 20.688212789999994,
            "ice": 11.66813876074993
        },
        "Arc92": {
            "clear": 20.688212789999994,
            "ice": 13.074687130527394
        }
    },
    "9": {
        "Arc91": {
            "clear": 0,
            "ice": 11.222622268556092
        },
        "Arc92": {
            "clear": 0,
            "ice": 12.469580298395604
        }
    },
    "10": {
        "Arc91": {
            "clear": 0,
            "ice": 11.67305241206496
        },
        "Arc92": {
            "clear": 0,
            "ice": 13.321863887449968
        }
    },
    "11": {
        "Arc91": {
            "clear": 0,
            "ice": 17.12070441841633
        },
        "Arc92": {
            "clear": 0,
            "ice": 21.40088052302038
        }
    },
    "12": {
        "Arc91": {
            "clear": 33.576246175,
            "ice": Infinity
        },
        "Arc92": {
            "clear": 33.576246175,
            "ice": Infinity
        }
    },
    "13": {
        "Arc91": {
            "clear": 26.158752224999994,
            "ice": 10.009735577626223
        },
        "Arc92": {
            "clear": 26.158752224999994,
            "ice": 11.688440775396305
        }
    },
    "14": {
        "Arc91": {
            "clear": 37.635341967999985,
            "ice": 2.3199850380389755
        },
        "Arc92": {
            "clear": 37.635341967999985,
            "ice": 2.577761153376645
        }
    },
    "15": {
        "Arc91": {
            "clear": 87.81503089100006,
            "ice": 1.9951730282955067
        },
        "Arc92": {
            "clear": 87.81503089100006,
            "ice": 2.2168589203283413
        }
    },
    "16": {
        "Arc91": {
            "clear": 0,
            "ice": 17.89380540582075
        },
        "Arc92": {
            "clear": 0,
            "ice": 21.61333572017835
        }
    },
    "17": {
        "Arc91": {
            "clear": 0,
            "ice": 27.79012178817502
        },
        "Arc92": {
            "clear": 0,
            "ice": 34.64871569356549
        }
    },
    "18": {
        "Arc91": {
            "clear": 270.59211689999995,
            "ice": 0
        },
        "Arc92": {
            "clear": 270.59211689999995,
            "ice": 0
        }
    },
    "19": {
        "Arc91": {
            "clear": 17.871647304,
            "ice": 8.955198541729231
        },
        "Arc92": {
            "clear": 17.871647304,
            "ice": 11.193998177161545
        }
    },
    "20": {
        "Arc91": {
            "clear": 60.516482924000044,
            "ice": Infinity
        },
        "Arc92": {
            "clear": 60.516482924000044,
            "ice": Infinity
        }
    },
    "21": {
        "Arc91": {
            "clear": 278.1227556000001,
            "ice": 0
        },
        "Arc92": {
            "clear": 278.1227556000001,
            "ice": 0
        }
    },
    "22": {
        "Arc91": {
            "clear": 133.48720964099988,
            "ice": 9.43755191942946
        },
        "Arc92": {
            "clear": 133.48720964099988,
            "ice": 11.54339483996271
        }
    },
    "23": {
        "Arc91": {
            "clear": 0,
            "ice": 18.17597878475964
        },
        "Arc92": {
            "clear": 0,
            "ice": 22.64031658062597
        }
    },
    "24": {
        "Arc91": {
            "clear": 0,
            "ice": 10.686591936266433
        },
        "Arc92": {
            "clear": 0,
            "ice": 12.383717635231385
        }
    },
    "25": {
        "Arc91": {
            "clear": 288.1919175000002,
            "ice": 0
        },
        "Arc92": {
            "clear": 288.1919175000002,
            "ice": 0
        }
    },
    "26": {
        "Arc91": {
            "clear": 77.96516345599994,
            "ice": 3.023842732743132
        },
        "Arc92": {
            "clear": 77.96516345599994,
            "ice": 3.5178010325829328
        }
    },
    "27": {
        "Arc91": {
            "clear": 315.3047628000002,
            "ice": 0
        },
        "Arc92": {
            "clear": 315.3047628000002,
            "ice": 0
        }
    },
    "28": {
        "Arc91": {
            "clear": 69.1686127300001,
            "ice": 0
        },
        "Arc92": {
            "clear": 69.1686127300001,
            "ice": 0
        }
    },
    "29": {
        "Arc91": {
            "clear": 0,
            "ice": 19.167543746247343
        },
        "Arc92": {
            "clear": 0,
            "ice": 23.959429682809184
        }
    },
    "30": {
        "Arc91": {
            "clear": 14.765358639600008,
            "ice": Infinity
        },
        "Arc92": {
            "clear": 14.765358639600008,
            "ice": Infinity
        }
    },
    "31": {
        "Arc91": {
            "clear": 0,
            "ice": 25.58766793631003
        },
        "Arc92": {
            "clear": 0,
            "ice": 31.444971781798536
        }
    },
    "32": {
        "Arc91": {
            "clear": 70.94720569300003,
            "ice": 0.4206620268339766
        },
        "Arc92": {
            "clear": 70.94720569300003,
            "ice": 0.4674022520377517
        }
    },
    "33": {
        "Arc91": {
            "clear": 445.9281381999988,
            "ice": 0
        },
        "Arc92": {
            "clear": 445.9281381999988,
            "ice": 0
        }
    },
    "34": {
        "Arc91": {
            "clear": 17.450867652,
            "ice": 33.71437125632292
        },
        "Arc92": {
            "clear": 17.450867652,
            "ice": 41.68408801135349
        }
    },
    "35": {
        "Arc91": {
            "clear": 0,
            "ice": 18.396655184762167
        },
        "Arc92": {
            "clear": 0,
            "ice": 22.660034995069974
        }
    },
    "36": {
        "Arc91": {
            "clear": 297.1508085000001,
            "ice": 0
        },
        "Arc92": {
            "clear": 297.1508085000001,
            "ice": 0
        }
    },
    "37": {
        "Arc91": {
            "clear": 77.04337536999998,
            "ice": 14.679031211293672
        },