{
    "0": {
        "Arc91": {
            "clear": 270.0166416000001,
            "ice": 0
        },
        "Arc92": {
            "clear": 270.0166416000001,
            "ice": 0
        }
    },
    "1": {
        "Arc91": {
            "clear": 33.26278035599999,
            "ice": 16.432406456053403
        },
        "Arc92": {
            "clear": 33.26278035599999,
            "ice": 19.184334467109903
        }
    },
    "2": {
        "Arc91": {
            "clear": 9.342456211199998,
            "ice": 3.825010175805945
        },
        "Arc92": {
            "clear": 9.342456211199998,
            "ice": 4.781262719757442
        }
    },
    "3": {
        "Arc91": {
            "clear": 71.65769655000004,
            "ice": 11.416163276084964
        },
        "Arc92": {
            "clear": 71.65769655000004,
            "ice": 13.497243285941929
        }
    },
    "4": {
        "Arc91": {
            "clear": 15.647408848800005,
            "ice": 4.549034334989602
        },
        "Arc92": {
            "clear": 15.647408848800005,
            "ice": 5.072156346666081
        }
    },
    "5": {
        "Arc91": {
            "clear": 655.3557373999988,
            "ice": 0
        },
        "Arc92": {
            "clear": 655.3557373999988,
            "ice": 0
        }
    },
    "6": {
        "Arc91": {
            "clear": 410.5701115999994,
            "ice": 0
        },
        "Arc92": {
            "clear": 410.5701115999994,
            "ice": 0
        }
    },
    "7": {
        "Arc91": {
            "clear": 119.56344919999974,
            "ice": 0
        },
        "Arc92": {
            "clear": 119.56344919999974,
            "ice": 0
        }
    },
    "8": {
        "Arc91": {
            "clear": 62.064638369999955,
            "ice": 9.48715793824077
        },
        "Arc92": {
            "clear": 62.064638369999955,
            "ice": 10.911886804653863
        }
    },
    "9": {
        "Arc91": {
            "clear": 49.699678782,
            "ice": 8.227348716472678
        },
        "Arc92": {
            "clear": 49.699678782,
            "ice": 9.141498573858522
        }
    },
    "10": {
        "Arc91": {
            "clear": 0,
            "ice": 11.447376629660097
        },
        "Arc92": {
            "clear": 0,
            "ice": 13.067599845122874
        }
    },
    "11": {
        "Arc91": {
            "clear": 0,
            "ice": 16.985096337678005
        },
        "Arc92": {
            "clear": 0,
            "ice": 21.23137042209751
        }
    },
    "12": {
        "Arc91": {
            "clear": 53.72199388000005,
            "ice": 7.078046703340187
        },
        "Arc92": {
            "clear": 53.72199388000005,
            "ice": 8.847558379175219
        }
    },
    "13": {
        "Arc91": {
            "clear": 92.42759119500006,
            "ice": 4.702987593226352
        },
        "Arc92": {
            "clear": 92.42759119500006,
            "ice": 5.225541770251496
        }
    },
    "14": {
        "Arc91": {
            "clear": 37.635341967999985,
            "ice": 2.474213964675352
        },
        "Arc92": {
            "clear": 37.635341967999985,
            "ice": 2.749126627417063
        }
    },
    "15": {
        "Arc91": {
            "clear": 66.78889673399998,
            "ice": 3.0695398344551834
        },
        "Arc92": {
            "clear": 66.78889673399998,
            "ice": 3.410599816061313
        }
    },
    "16": {
        "Arc91": {
            "clear": 4.9249172979999996,
            "ice": 16.92543216773313
        },
        "Arc92": {
            "clear": 4.9249172979999996,
            "ice": 20.353156614901135
        }
    },
    "17": {
        "Arc91": {
            "clear": 0,
            "ice": 27.718067432595713
        },
        "Arc92": {
            "clear": 0,
            "ice": 34.42963697038779
        }
    },
    "18": {
        "Arc91": {
            "clear": 270.59211689999995,
            "ice": 0
        },
        "Arc92": {
            "clear": 270.59211689999995,
            "ice": 0
        }
    },
    "19": {
        "Arc91": {
            "clear": 8.935823652,
            "ice": 7.351724122950105
        },
        "Arc92": {
            "clear": 8.935823652,
            "ice": 8.272396228064085
        }
    },
    "20": {
        "Arc91": {
            "clear": 46.44288224400002,
            "ice": 7.0706105509281185
        },
        "Arc92": {
            "clear": 46.44288224400002,
            "ice": 8.55037656635639
        }
    },
    "21": {
        "Arc91": {
            "clear": 278.1227556000001,
            "ice": 0
        },
        "Arc92": {
            "clear": 278.1227556000001,
            "ice": 0
        }
    },
    "22": {
        "Arc91": {
            "clear": 133.48720964099988,
            "ice": 8.93222866078878
        },
        "Arc92": {
            "clear": 133.48720964099988,
            "ice": 11.165285825985992
        }
    },
    "23": {
        "Arc91": {
            "clear": 0,
            "ice": 17.723741729574776
        },
        "Arc92": {
            "clear": 0,
            "ice": 22.15467716196844
        }
    },
    "24": {
        "Arc91": {
            "clear": 0,
            "ice": 11.279714131072797
        },
        "Arc92": {
            "clear": 0,
            "ice": 13.667288296801798
        }
    },
    "25": {
        "Arc91": {
            "clear": 288.1919175000002,
            "ice": 0
        },
        "Arc92": {
            "clear": 288.1919175000002,
            "ice": 0
        }
    },
    "26": {
        "Arc91": {
            "clear": 77.96516345599994,
            "ice": 2.312398803947935
        },
        "Arc92": {
            "clear": 77.96516345599994,
            "ice": 2.569332004386597
        }
    },
    "27": {
        "Arc91": {
            "clear": 315.3047628000002,
            "ice": 0
        },
        "Arc92": {
            "clear": 315.3047628000002,
            "ice": 0
        }
    },
    "28": {
        "Arc91": {
            "clear": 69.1686127300001,
            "ice": 0
        },
        "Arc92": {
            "clear": 69.1686127300001,
            "ice": 0
        }
    },
    "29": {
        "Arc91": {
            "clear": 0,
            "ice": 18.95032850205328
        },
        "Arc92": {
            "clear": 0,
            "ice": 23.636251501869825
        }
    },
    "30": {
        "Arc91": {
            "clear": 14.765358639600008,
            "ice": 2.8186107170529326
        },
        "Arc92": {
            "clear": 14.765358639600008,
            "ice": 3.523263396316175
        }
    },
    "31": {
        "Arc91": {
            "clear": 18.504911976,
            "ice": 22.33869736410472
        },
        "Arc92": {
            "clear": 18.504911976,
            "ice": 27.42859382570729
        }
    },
    "32": {
        "Arc91": {
            "clear": 22.609549067000007,
            "ice": 3.369101701386931
        },
        "Arc92": {
            "clear": 22.609549067000007,
            "ice": 3.7434463348743683
        }
    },
    "33": {
        "Arc91": {
            "clear": 445.9281381999988,
            "ice": 0
        },
        "Arc92": {
            "clear": 445.9281381999988,
            "ice": 0
        }
    },
    "34": {
        "Arc91": {
            "clear": 21.813584565,
            "ice": 31.54608811284022
        },
        "Arc92": {
            "clear": 21.813584565,
            "ice": 38.85036421523892
        }
    },
    "35": {
        "Arc91": {
            "clear": 0,
            "ice": 16.539096114473214
        },
        "Arc92": {
            "clear": 0,
            "ice": 20.089796072713668
        }
    },
    "36": {
        "Arc91": {
            "clear": 297.1508085000001,
            "ice": 0
        },
        "Arc92": {
            "clear": 297.1508085000001,
            "ice": 0
        }
    },