{
    "0": {
        "Arc91": {
            "clear": 270.0166416000001,
            "ice": 0
        },
        "Arc92": {
            "clear": 270.0166416000001,
            "ice": 0
        }
    },
    "1": {
        "Arc91": {
            "clear": 33.26278035599999,
            "ice": 17.498157377055463
        },
        "Arc92": {
            "clear": 33.26278035599999,
            "ice": 20.890585126423517
        }
    },
    "2": {
        "Arc91": {
            "clear": 9.342456211199998,
            "ice": 4.05782748358169
        },
        "Arc92": {
            "clear": 9.342456211199998,
            "ice": 5.072284354477113
        }
    },
    "3": {
        "Arc91": {
            "clear": 59.71474712500003,
            "ice": Infinity
        },
        "Arc92": {
            "clear": 59.71474712500003,
            "ice": Infinity
        }
    },
    "4": {
        "Arc91": {
            "clear": 15.647408848800005,
            "ice": 4.558798979980137
        },
        "Arc92": {
            "clear": 15.647408848800005,
            "ice": 5.08227918540823
        }
    },
    "5": {
        "Arc91": {
            "clear": 655.3557373999988,
            "ice": 0
        },
        "Arc92": {
            "clear": 655.3557373999988,
            "ice": 0
        }
    },
    "6": {
        "Arc91": {
            "clear": 410.5701115999994,
            "ice": 0
        },
        "Arc92": {
            "clear": 410.5701115999994,
            "ice": 0
        }
    },
    "7": {
        "Arc91": {
            "clear": 119.56344919999974,
            "ice": 0
        },
        "Arc92": {
            "clear": 119.56344919999974,
            "ice": 0
        }
    },
    "8": {
        "Arc91": {
            "clear": 20.688212789999994,
            "ice": 13.094492483818646
        },
        "Arc92": {
            "clear": 20.688212789999994,
            "ice": 15.730136013641127
        }
    },
    "9": {
        "Arc91": {
            "clear": 49.699678782,
            "ice": 8.534361874472312
        },
        "Arc92": {
            "clear": 49.699678782,
            "ice": 9.482624304969221
        }
    },
    "10": {
        "Arc91": {
            "clear": 0,
            "ice": 11.807725634959095
        },
        "Arc92": {
            "clear": 0,
            "ice": 13.483502965215457
        }
    },
    "11": {
        "Arc91": {
            "clear": 0,
            "ice": 18.05657461304305
        },
        "Arc92": {
            "clear": 0,
            "ice": 22.570718266303818
        }
    },
    "12": {
        "Arc91": {
            "clear": 53.72199388000005,
            "ice": Infinity
        },
        "Arc92": {
            "clear": 53.72199388000005,
            "ice": Infinity
        }
    },
    "13": {
        "Arc91": {
            "clear": 92.42759119500006,
            "ice": 4.713048569861834
        },
        "Arc92": {
            "clear": 92.42759119500006,
            "ice": 5.23672063317981
        }
    },
    "14": {
        "Arc91": {
            "clear": 37.635341967999985,
            "ice": 2.3199850380389755
        },
        "Arc92": {
            "clear": 37.635341967999985,
            "ice": 2.577761153376645
        }
    },
    "15": {
        "Arc91": {
            "clear": 1.236831421,
            "ice": 7.199895266479472
        },
        "Arc92": {
            "clear": 1.236831421,
            "ice": 7.99988362942165
        }
    },
    "16": {
        "Arc91": {
            "clear": 4.9249172979999996,
            "ice": 17.90721357037305
        },
        "Arc92": {
            "clear": 4.9249172979999996,
            "ice": 21.55300693337855
        }
    },
    "17": {
        "Arc91": {
            "clear": 0,
            "ice": 29.00488440795558
        },
        "Arc92": {
            "clear": 0,
            "ice": 36.03815818958757
        }
    },
    "18": {
        "Arc91": {
            "clear": 270.59211689999995,
            "ice": 0
        },
        "Arc92": {
            "clear": 270.59211689999995,
            "ice": 0
        }
    },
    "19": {
        "Arc91": {
            "clear": 8.935823652,
            "ice": 7.644271947406327
        },
        "Arc92": {
            "clear": 8.935823652,
            "ice": 8.593180410167822
        }
    },
    "20": {
        "Arc91": {
            "clear": 46.44288224400002,
            "ice": Infinity
        },
        "Arc92": {
            "clear": 46.44288224400002,
            "ice": Infinity
        }
    },
    "21": {
        "Arc91": {
            "clear": 278.1227556000001,
            "ice": 0
        },
        "Arc92": {
            "clear": 278.1227556000001,
            "ice": 0
        }
    },
    "22": {
        "Arc91": {
            "clear": 133.48720964099988,
            "ice": 9.319617302958555
        },
        "Arc92": {
            "clear": 133.48720964099988,
            "ice": 11.48679917939314
        }
    },
    "23": {
        "Arc91": {
            "clear": 0,
            "ice": 18.884477788360893
        },
        "Arc92": {
            "clear": 0,
            "ice": 23.605597235451093
        }
    },
    "24": {
        "Arc91": {
            "clear": 0,
            "ice": 11.978400250230713
        },
        "Arc92": {
            "clear": 0,
            "ice": 14.540645945749189
        }
    },
    "25": {
        "Arc91": {
            "clear": 288.1919175000002,
            "ice": 0
        },
        "Arc92": {
            "clear": 288.1919175000002,
            "ice": 0
        }
    },
    "26": {
        "Arc91": {
            "clear": 77.96516345599994,
            "ice": 2.3413274488281464
        },
        "Arc92": {
            "clear": 77.96516345599994,
            "ice": 2.6014749431423847
        }
    },
    "27": {
        "Arc91": {
            "clear": 315.3047628000002,
            "ice": 0
        },
        "Arc92": {
            "clear": 315.3047628000002,
            "ice": 0
        }
    },
    "28": {
        "Arc91": {
            "clear": 69.1686127300001,
            "ice": 0
        },
        "Arc92": {
            "clear": 69.1686127300001,
            "ice": 0
        }
    },
    "29": {
        "Arc91": {
            "clear": 0,
            "ice": 20.46730136625827
        },
        "Arc92": {
            "clear": 0,
            "ice": 25.5316836814876
        }
    },
    "30": {
        "Arc91": {
            "clear": 14.765358639600008,
            "ice": Infinity
        },
        "Arc92": {
            "clear": 14.765358639600008,
            "ice": Infinity
        }
    },
    "31": {
        "Arc91": {
            "clear": 18.504911976,
            "ice": 23.97292232391768
        },
        "Arc92": {
            "clear": 18.504911976,
            "ice": 29.454556762768036
        }
    },
    "32": {
        "Arc91": {
            "clear": 0,
            "ice": 4.618182305497274
        },
        "Arc92": {
            "clear": 0,
            "ice": 5.131313672774754
        }
    },
    "33": {
        "Arc91": {
            "clear": 445.9281381999988,
            "ice": 0
        },
        "Arc92": {
            "clear": 445.9281381999988,
            "ice": 0
        }
    },
    "34": {
        "Arc91": {
            "clear": 21.813584565,
            "ice": 33.10771769787451
        },
        "Arc92": {
            "clear": 21.813584565,
            "ice": 40.78357058497271
        }
    },
    "35": {
        "Arc91": {
            "clear": 0,
            "ice": 17.87645584995219
        },
        "Arc92": {
            "clear": 0,
            "ice": 21.74087496889727
        }
    },
    "36": {
        "Arc91": {
            "clear": 297.1508085000001,
            "ice": 0
        },
        "Arc92": {
            "clear": 297.1508085000001,
            "ice": 0
        }
    },
    "37": {
        "Arc91": {
            "clear": 80.00658211499997,
            "ice": 14.985255266076834
        },