{
    "0": {
        "Arc91": {
            "clear": 270.0166416000001,
            "ice": 0
        },
        "Arc92": {
            "clear": 270.0166416000001,
            "ice": 0
        }
    },
    "1": {
        "Arc91": {
            "clear": 33.26278035599999,
            "ice": 17.755318495650915
        },
        "Arc92": {
            "clear": 33.26278035599999,
            "ice": 21.322465164592856
        }
    },
    "2": {
        "Arc91": {
            "clear": 0,
            "ice": 4.4337892925906965
        },
        "Arc92": {
            "clear": 0,
            "ice": 5.369044913055145
        }
    },
    "3": {
        "Arc91": {
            "clear": 59.71474712500003,
            "ice": 11.462600864923976
        },
        "Arc92": {
            "clear": 59.71474712500003,
            "ice": 13.001521783172102
        }
    },
    "4": {
        "Arc91": {
            "clear": 40.857123105200024,
            "ice": 2.7234471895436987
        },
        "Arc92": {
            "clear": 40.857123105200024,
            "ice": 3.046503462145605
        }
    },
    "5": {
        "Arc91": {
            "clear": 655.3557373999988,
            "ice": 0
        },
        "Arc92": {
            "clear": 655.3557373999988,
            "ice": 0
        }
    },
    "6": {
        "Arc91": {
            "clear": 410.5701115999994,
            "ice": 0
        },
        "Arc92": {
            "clear": 410.5701115999994,
            "ice": 0
        }
    },
    "7": {
        "Arc91": {
            "clear": 119.56344919999974,
            "ice": 0
        },
        "Arc92": {
            "clear": 119.56344919999974,
            "ice": 0
        }
    },
    "8": {
        "Arc91": {
            "clear": 26.89467662699999,
            "ice": 11.86677426254103
        },
        "Arc92": {
            "clear": 26.89467662699999,
            "ice": 13.31602568182132
        }
    },
    "9": {
        "Arc91": {
            "clear": 63.080361531,
            "ice": 7.757027356673461
        },
        "Arc92": {
            "clear": 63.080361531,
            "ice": 8.618919285192723
        }
    },
    "10": {
        "Arc91": {
            "clear": 0,
            "ice": 12.406077707670576
        },
        "Arc92": {
            "clear": 0,
            "ice": 14.669677233761158
        }
    },
    "11": {
        "Arc91": {
            "clear": 0,
            "ice": 17.464451772849653
        },
        "Arc92": {
            "clear": 0,
            "ice": 21.83056471606205
        }
    },
    "12": {
        "Arc91": {
            "clear": 24.174897245999997,
            "ice": Infinity
        },
        "Arc92": {
            "clear": 24.174897245999997,
            "ice": Infinity
        }
    },
    "13": {
        "Arc91": {
            "clear": 52.31750444999997,
            "ice": 6.849426448552549
        },
        "Arc92": {
            "clear": 52.31750444999997,
            "ice": 7.629037522786878
        }
    },
    "14": {
        "Arc91": {
            "clear": 37.635341967999985,
            "ice": 2.3199850380389755
        },
        "Arc92": {
            "clear": 37.635341967999985,
            "ice": 2.577761153376645
        }
    },
    "15": {
        "Arc91": {
            "clear": 45.762762577,
            "ice": 4.9020614930338775
        },
        "Arc92": {
            "clear": 45.762762577,
            "ice": 5.446734992259859
        }
    },
    "16": {
        "Arc91": {
            "clear": 7.387375946999999,
            "ice": 16.87663981405395
        },
        "Arc92": {
            "clear": 7.387375946999999,
            "ice": 20.192212664842494
        }
    },
    "17": {
        "Arc91": {
            "clear": 0,
            "ice": 27.98963908048769
        },
        "Arc92": {
            "clear": 0,
            "ice": 34.62728669390239
        }
    },
    "18": {
        "Arc91": {
            "clear": 270.59211689999995,
            "ice": 0
        },
        "Arc92": {
            "clear": 270.59211689999995,
            "ice": 0
        }
    },
    "19": {
        "Arc91": {
            "clear": 8.935823652,
            "ice": 7.504337962886314
        },
        "Arc92": {
            "clear": 8.935823652,
            "ice": 8.45828061171488
        }
    },
    "20": {
        "Arc91": {
            "clear": 60.516482924000044,
            "ice": Infinity
        },
        "Arc92": {
            "clear": 60.516482924000044,
            "ice": Infinity
        }
    },
    "21": {
        "Arc91": {
            "clear": 278.1227556000001,
            "ice": 0
        },
        "Arc92": {
            "clear": 278.1227556000001,
            "ice": 0
        }
    },
    "22": {
        "Arc91": {
            "clear": 133.48720964099988,
            "ice": 9.445069720847378
        },
        "Arc92": {
            "clear": 133.48720964099988,
            "ice": 11.80633715105923
        }
    },
    "23": {
        "Arc91": {
            "clear": 0,
            "ice": 18.820440300021165
        },
        "Arc92": {
            "clear": 0,
            "ice": 23.525550375026416
        }
    },
    "24": {
        "Arc91": {
            "clear": 0,
            "ice": 10.93802570581883
        },
        "Arc92": {
            "clear": 0,
            "ice": 12.84804266726943
        }
    },
    "25": {
        "Arc91": {
            "clear": 288.1919175000002,
            "ice": 0
        },
        "Arc92": {
            "clear": 288.1919175000002,
            "ice": 0
        }
    },
    "26": {
        "Arc91": {
            "clear": 77.96516345599994,
            "ice": 2.5085615065988476
        },
        "Arc92": {
            "clear": 77.96516345599994,
            "ice": 2.7872905628876095
        }
    },
    "27": {
        "Arc91": {
            "clear": 315.3047628000002,
            "ice": 0
        },
        "Arc92": {
            "clear": 315.3047628000002,
            "ice": 0
        }
    },
    "28": {
        "Arc91": {
            "clear": 69.1686127300001,
            "ice": 0
        },
        "Arc92": {
            "clear": 69.1686127300001,
            "ice": 0
        }
    },
    "29": {
        "Arc91": {
            "clear": 0,
            "ice": 19.189288196083847
        },
        "Arc92": {
            "clear": 0,
            "ice": 23.83837482037629
        }
    },
    "30": {
        "Arc91": {
            "clear": 14.765358639600008,
            "ice": Infinity
        },
        "Arc92": {
            "clear": 14.765358639600008,
            "ice": Infinity
        }
    },
    "31": {
        "Arc91": {
            "clear": 0,
            "ice": 25.912201531015935
        },
        "Arc92": {
            "clear": 0,
            "ice": 31.949094942565885
        }
    },
    "32": {
        "Arc91": {
            "clear": 42.10053964200004,
            "ice": 2.0661019725580596
        },
        "Arc92": {
            "clear": 42.10053964200004,
            "ice": 2.295668858397844
        }
    },
    "33": {
        "Arc91": {
            "clear": 445.9281381999988,
            "ice": 0
        },
        "Arc92": {
            "clear": 445.9281381999988,
            "ice": 0
        }
    },
    "34": {
        "Arc91": {
            "clear": 0,
            "ice": 35.39787713794418
        },
        "Arc92": {
            "clear": 0,
            "ice": 43.81661300780469
        }
    },
    "35": {
        "Arc91": {
            "clear": 0,
            "ice": 17.200405605060872
        },
        "Arc92": {
            "clear": 0,
            "ice": 20.902462324919945
        }
    },
    "36": {
        "Arc91": {
            "clear": 297.1508085000001,
            "ice": 0
        },
        "Arc92": {
            "clear": 297.1508085000001,
            "ice": 0
        }
    },
    "37": {
        "Arc91": {
            "clear": 80.00658211499997,
            "ice": 14.930109072990101
        },