{
    "0": {
        "Arc91": {
            "clear": 270.0166416000001,
            "ice": 0
        },
        "Arc92": {
            "clear": 270.0166416000001,
            "ice": 0
        }
    },
    "1": {
        "Arc91": {
            "clear": 33.26278035599999,
            "ice": 17.748101219457432
        },
        "Arc92": {
            "clear": 33.26278035599999,
            "ice": 21.727628107700497
        }
    },
    "2": {
        "Arc91": {
            "clear": 15.76539485639999,
            "ice": 3.2045348189960348
        },
        "Arc92": {
            "clear": 15.76539485639999,
            "ice": 4.005668523745044
        }
    },
    "3": {
        "Arc91": {
            "clear": 38.217438160000015,
            "ice": 13.093630877673634
        },
        "Arc92": {
            "clear": 38.217438160000015,
            "ice": 15.185792493632565
        }
    },
    "4": {
        "Arc91": {
            "clear": 6.954403932799999,
            "ice": 4.917309586992341
        },
        "Arc92": {
            "clear": 6.954403932799999,
            "ice": 5.480931764393548
        }
    },
    "5": {
        "Arc91": {
            "clear": 655.3557373999988,
            "ice": 0
        },
        "Arc92": {
            "clear": 655.3557373999988,
            "ice": 0
        }
    },
    "6": {
        "Arc91": {
            "clear": 410.5701115999994,
            "ice": 0
        },
        "Arc92": {
            "clear": 410.5701115999994,
            "ice": 0
        }
    },
    "7": {
        "Arc91": {
            "clear": 119.56344919999974,
            "ice": 0
        },
        "Arc92": {
            "clear": 119.56344919999974,
            "ice": 0
        }
    },
    "8": {
        "Arc91": {
            "clear": 6.206463836999999,
            "ice": 13.625557596498709
        },
        "Arc92": {
            "clear": 6.206463836999999,
            "ice": 15.917162050810036
        }
    },
    "9": {
        "Arc91": {
            "clear": 55.434257103,
            "ice": 8.007261977254997
        },
        "Arc92": {
            "clear": 55.434257103,
            "ice": 8.896957752505555
        }
    },
    "10": {
        "Arc91": {
            "clear": 0,
            "ice": 13.83146385159553
        },
        "Arc92": {
            "clear": 0,
            "ice": 17.289329814494387
        }
    },
    "11": {
        "Arc91": {
            "clear": 0,
            "ice": 16.599880075531665
        },
        "Arc92": {
            "clear": 0,
            "ice": 20.573084754052896
        }
    },
    "12": {
        "Arc91": {
            "clear": 53.72199388000005,
            "ice": 7.078046703340187
        },
        "Arc92": {
            "clear": 53.72199388000005,
            "ice": 8.847558379175219
        }
    },
    "13": {
        "Arc91": {
            "clear": 50.573587634999974,
            "ice": 7.080015155087334
        },
        "Arc92": {
            "clear": 50.573587634999974,
            "ice": 7.866683505652579
        }
    },
    "14": {
        "Arc91": {
            "clear": 37.635341967999985,
            "ice": 2.3199850380389755
        },
        "Arc92": {
            "clear": 37.635341967999985,
            "ice": 2.577761153376645
        }
    },
    "15": {
        "Arc91": {
            "clear": 1.236831421,
            "ice": 7.375842471195043
        },
        "Arc92": {
            "clear": 1.236831421,
            "ice": 8.195380523550057
        }
    },
    "16": {
        "Arc91": {
            "clear": 7.387375946999999,
            "ice": 16.68174555489256
        },
        "Arc92": {
            "clear": 7.387375946999999,
            "ice": 19.67620189080769
        }
    },
    "17": {
        "Arc91": {
            "clear": 0,
            "ice": 27.597849984072568
        },
        "Arc92": {
            "clear": 0,
            "ice": 34.14669140047748
        }
    },
    "18": {
        "Arc91": {
            "clear": 270.59211689999995,
            "ice": 0
        },
        "Arc92": {
            "clear": 270.59211689999995,
            "ice": 0
        }
    },
    "19": {
        "Arc91": {
            "clear": 8.935823652,
            "ice": 8.119333416839156
        },
        "Arc92": {
            "clear": 8.935823652,
            "ice": 9.564924726918361
        }
    },
    "20": {
        "Arc91": {
            "clear": 28.14720135999999,
            "ice": 8.047284348016946
        },
        "Arc92": {
            "clear": 28.14720135999999,
            "ice": 9.635569674232867
        }
    },
    "21": {
        "Arc91": {
            "clear": 278.1227556000001,
            "ice": 0
        },
        "Arc92": {
            "clear": 278.1227556000001,
            "ice": 0
        }
    },
    "22": {
        "Arc91": {
            "clear": 133.48720964099988,
            "ice": 8.93222866078878
        },
        "Arc92": {
            "clear": 133.48720964099988,
            "ice": 11.165285825985992
        }
    },
    "23": {
        "Arc91": {
            "clear": 0,
            "ice": 17.362744881816855
        },
        "Arc92": {
            "clear": 0,
            "ice": 21.70343110227102
        }
    },
    "24": {
        "Arc91": {
            "clear": 0,
            "ice": 11.157639534150544
        },
        "Arc92": {
            "clear": 0,
            "ice": 13.23882170972192
        }
    },
    "25": {
        "Arc91": {
            "clear": 288.1919175000002,
            "ice": 0
        },
        "Arc92": {
            "clear": 288.1919175000002,
            "ice": 0
        }
    },
    "26": {
        "Arc91": {
            "clear": 59.692078271000014,
            "ice": 3.872387039076816
        },
        "Arc92": {
            "clear": 59.692078271000014,
            "ice": 4.302652265640909
        }
    },
    "27": {
        "Arc91": {
            "clear": 315.3047628000002,
            "ice": 0
        },
        "Arc92": {
            "clear": 315.3047628000002,
            "ice": 0
        }
    },
    "28": {
        "Arc91": {
            "clear": 69.1686127300001,
            "ice": 0
        },
        "Arc92": {
            "clear": 69.1686127300001,
            "ice": 0
        }
    },
    "29": {
        "Arc91": {
            "clear": 0,
            "ice": 19.0490706994927
        },
        "Arc92": {
            "clear": 0,
            "ice": 23.745965054580292
        }
    },
    "30": {
        "Arc91": {
            "clear": 14.765358639600008,
            "ice": 3.059208630391791
        },
        "Arc92": {
            "clear": 14.765358639600008,
            "ice": 3.82401078798975
        }
    },
    "31": {
        "Arc91": {
            "clear": 27.757367963999997,
            "ice": 21.208215852514122
        },
        "Arc92": {
            "clear": 27.757367963999997,
            "ice": 25.967927049906944
        }
    },
    "32": {
        "Arc91": {
            "clear": 22.609549067000007,
            "ice": 3.304966919776915
        },
        "Arc92": {
            "clear": 22.609549067000007,
            "ice": 3.6721854664187936
        }
    },
    "33": {
        "Arc91": {
            "clear": 445.9281381999988,
            "ice": 0
        },
        "Arc92": {
            "clear": 445.9281381999988,
            "ice": 0
        }
    },
    "34": {
        "Arc91": {
            "clear": 56.715319869,
            "ice": 29.56156185174215
        },
        "Arc92": {
            "clear": 56.715319869,
            "ice": 36.57695149463595
        }
    },
    "35": {
        "Arc91": {
            "clear": 0,
            "ice": 16.36859227129727
        },
        "Arc92": {
            "clear": 0,
            "ice": 19.884056171761266
        }
    },
    "36": {
        "Arc91": {
            "clear": 297.1508085000001,
            "ice": 0
        },
        "Arc92": {
            "clear": 297.1508085000001,
            "ice": 0
        }
    },