{
    "0": {
        "Arc91": {
            "clear": 261.9161423520001,
            "ice": 0.44739269246199714
        },
        "Arc92": {
            "clear": 261.9161423520001,
            "ice": 0.4971029916244412
        }
    },
    "1": {
        "Arc91": {
            "clear": 41.57847544499999,
            "ice": 19.155239195185747
        },
        "Arc92": {
            "clear": 41.57847544499999,
            "ice": 23.68808950775451
        }
    },
    "2": {
        "Arc91": {
            "clear": 0,
            "ice": 4.484826737600248
        },
        "Arc92": {
            "clear": 0,
            "ice": 5.606033422000297
        }
    },
    "3": {
        "Arc91": {
            "clear": 83.60064597500005,
            "ice": 10.068766688784649
        },
        "Arc92": {
            "clear": 83.60064597500005,
            "ice": 11.640127108046078
        }
    },
    "4": {
        "Arc91": {
            "clear": 74.75984227760004,
            "ice": 0.6620431440084095
        },
        "Arc92": {
            "clear": 74.75984227760004,
            "ice": 0.7356034933426774
        }
    },
    "5": {
        "Arc91": {
            "clear": 655.3557373999988,
            "ice": 0
        },
        "Arc92": {
            "clear": 655.3557373999988,
            "ice": 0
        }
    },
    "6": {
        "Arc91": {
            "clear": 410.5701115999994,
            "ice": 0
        },
        "Arc92": {
            "clear": 410.5701115999994,
            "ice": 0
        }
    },
    "7": {
        "Arc91": {
            "clear": 119.56344919999974,
            "ice": 0
        },
        "Arc92": {
            "clear": 119.56344919999974,
            "ice": 0
        }
    },
    "8": {
        "Arc91": {
            "clear": 47.58288941699997,
            "ice": 10.034322440960556
        },
        "Arc92": {
            "clear": 47.58288941699997,
            "ice": 11.259335664094735
        }
    },
    "9": {
        "Arc91": {
            "clear": 80.284096494,
            "ice": 6.1266199076574335
        },
        "Arc92": {
            "clear": 80.284096494,
            "ice": 6.80735545295269
        }
    },
    "10": {
        "Arc91": {
            "clear": 0,
            "ice": 12.954128360350596
        },
        "Arc92": {
            "clear": 0,
            "ice": 16.094376872924013
        }
    },
    "11": {
        "Arc91": {
            "clear": 0,
            "ice": 16.76183668495182
        },
        "Arc92": {
            "clear": 0,
            "ice": 20.952295856189757
        }
    },
    "12": {
        "Arc91": {
            "clear": 16.116598164,
            "ice": Infinity
        },
        "Arc92": {
            "clear": 16.116598164,
            "ice": Infinity
        }
    },
    "13": {
        "Arc91": {
            "clear": 0,
            "ice": 10.756847421416312
        },
        "Arc92": {
            "clear": 0,
            "ice": 12.167781994356249
        }
    },
    "14": {
        "Arc91": {
            "clear": 37.635341967999985,
            "ice": 2.3199850380389755
        },
        "Arc92": {
            "clear": 37.635341967999985,
            "ice": 2.577761153376645
        }
    },
    "15": {
        "Arc91": {
            "clear": 123.68314210000021,
            "ice": 0
        },
        "Arc92": {
            "clear": 123.68314210000021,
            "ice": 0
        }
    },
    "16": {
        "Arc91": {
            "clear": 12.312293245,
            "ice": 16.88227517774205
        },
        "Arc92": {
            "clear": 12.312293245,
            "ice": 20.50514087784726
        }
    },
    "17": {
        "Arc91": {
            "clear": 0,
            "ice": 28.358804125580154
        },
        "Arc92": {
            "clear": 0,
            "ice": 35.359568615321926
        }
    },
    "18": {
        "Arc91": {
            "clear": 270.59211689999995,
            "ice": 0
        },
        "Arc92": {
            "clear": 270.59211689999995,
            "ice": 0
        }
    },
    "19": {
        "Arc91": {
            "clear": 17.871647304,
            "ice": 8.131853102508241
        },
        "Arc92": {
            "clear": 17.871647304,
            "ice": 9.789404803187683
        }
    },
    "20": {
        "Arc91": {
            "clear": 15.480960747999998,
            "ice": Infinity
        },
        "Arc92": {
            "clear": 15.480960747999998,
            "ice": Infinity
        }
    },
    "21": {
        "Arc91": {
            "clear": 278.1227556000001,
            "ice": 0
        },
        "Arc92": {
            "clear": 278.1227556000001,
            "ice": 0
        }
    },
    "22": {
        "Arc91": {
            "clear": 133.48720964099988,
            "ice": 9.43755191942946
        },
        "Arc92": {
            "clear": 133.48720964099988,
            "ice": 11.54339483996271
        }
    },
    "23": {
        "Arc91": {
            "clear": 0,
            "ice": 18.309903813646727
        },
        "Arc92": {
            "clear": 0,
            "ice": 22.887379767058352
        }
    },
    "24": {
        "Arc91": {
            "clear": 0,
            "ice": 10.952107630189134
        },
        "Arc92": {
            "clear": 0,
            "ice": 12.874377972275546
        }
    },
    "25": {
        "Arc91": {
            "clear": 288.1919175000002,
            "ice": 0
        },
        "Arc92": {
            "clear": 288.1919175000002,
            "ice": 0
        }
    },
    "26": {
        "Arc91": {
            "clear": 63.346695308000015,
            "ice": 3.83448472477051
        },
        "Arc92": {
            "clear": 63.346695308000015,
            "ice": 4.431364226033294
        }
    },
    "27": {
        "Arc91": {
            "clear": 315.3047628000002,
            "ice": 0
        },
        "Arc92": {
            "clear": 315.3047628000002,
            "ice": 0
        }
    },
    "28": {
        "Arc91": {
            "clear": 69.1686127300001,
            "ice": 0
        },
        "Arc92": {
            "clear": 69.1686127300001,
            "ice": 0
        }
    },
    "29": {
        "Arc91": {
            "clear": 0,
            "ice": 20.02839311809462
        },
        "Arc92": {
            "clear": 0,
            "ice": 25.035491397618244
        }
    },
    "30": {
        "Arc91": {
            "clear": 14.765358639600008,
            "ice": Infinity
        },
        "Arc92": {
            "clear": 14.765358639600008,
            "ice": Infinity
        }
    },
    "31": {
        "Arc91": {
            "clear": 0,
            "ice": 26.557538871799768
        },
        "Arc92": {
            "clear": 0,
            "ice": 33.196923589749716
        }
    },
    "32": {
        "Arc91": {
            "clear": 63.15080946300007,
            "ice": 0.771921464666914
        },
        "Arc92": {
            "clear": 63.15080946300007,
            "ice": 0.8576905162965709
        }
    },
    "33": {
        "Arc91": {
            "clear": 445.9281381999988,
            "ice": 0
        },
        "Arc92": {
            "clear": 445.9281381999988,
            "ice": 0
        }
    },
    "34": {
        "Arc91": {
            "clear": 0,
            "ice": 36.2120855617404
        },
        "Arc92": {
            "clear": 0,
            "ice": 45.26510695217555
        }
    },
    "35": {
        "Arc91": {
            "clear": 0,
            "ice": 17.097595595839177
        },
        "Arc92": {
            "clear": 0,
            "ice": 21.210367128264753
        }
    },
    "36": {
        "Arc91": {
            "clear": 297.1508085000001,
            "ice": 0
        },
        "Arc92": {
            "clear": 297.1508085000001,
            "ice": 0
        }
    },
    "37": {
        "Arc91": {
            "clear": 77.04337536999998,
            "ice": 14.730610725818138
        },
        "Arc92": {
            "clear": 77.04337536999998,