{
    "0": {
        "Arc91": {
            "clear": 270.0166416000001,
            "ice": 0
        },
        "Arc92": {
            "clear": 270.0166416000001,
            "ice": 0
        }
    },
    "1": {
        "Arc91": {
            "clear": 88.70074761600002,
            "ice": 16.13449209720286
        },
        "Arc92": {
            "clear": 88.70074761600002,
            "ice": 19.955783945467793
        }
    },
    "2": {
        "Arc91": {
            "clear": 3.5034210792000002,
            "ice": 4.050411506400132
        },
        "Arc92": {
            "clear": 3.5034210792000002,
            "ice": 5.063014383000158
        }
    },
    "3": {
        "Arc91": {
            "clear": 71.65769655000004,
            "ice": 10.631216567556692
        },
        "Arc92": {
            "clear": 71.65769655000004,
            "ice": 11.882263242547527
        }
    },
    "4": {
        "Arc91": {
            "clear": 77.36774375240005,
            "ice": 0.5838230067509934
        },
        "Arc92": {
            "clear": 77.36774375240005,
            "ice": 0.6793687737022363
        }
    },
    "5": {
        "Arc91": {
            "clear": 655.3557373999988,
            "ice": 0
        },
        "Arc92": {
            "clear": 655.3557373999988,
            "ice": 0
        }
    },
    "6": {
        "Arc91": {
            "clear": 410.5701115999994,
            "ice": 0
        },
        "Arc92": {
            "clear": 410.5701115999994,
            "ice": 0
        }
    },
    "7": {
        "Arc91": {
            "clear": 119.56344919999974,
            "ice": 0
        },
        "Arc92": {
            "clear": 119.56344919999974,
            "ice": 0
        }
    },
    "8": {
        "Arc91": {
            "clear": 18.619391510999996,
            "ice": 12.017491566414181
        },
        "Arc92": {
            "clear": 18.619391510999996,
            "ice": 13.466363253169535
        }
    },
    "9": {
        "Arc91": {
            "clear": 21.026787177,
            "ice": 10.62927524224737
        },
        "Arc92": {
            "clear": 21.026787177,
            "ice": 11.81030582471931
        }
    },
    "10": {
        "Arc91": {
            "clear": 0,
            "ice": 13.79112017178116
        },
        "Arc92": {
            "clear": 0,
            "ice": 17.23890021472642
        }
    },
    "11": {
        "Arc91": {
            "clear": 18.519740487,
            "ice": 15.497872952120641
        },
        "Arc92": {
            "clear": 18.519740487,
            "ice": 19.372341190150816
        }
    },
    "12": {
        "Arc91": {
            "clear": 17.459648011,
            "ice": 9.860568779495111
        },
        "Arc92": {
            "clear": 17.459648011,
            "ice": 12.314328099389897
        }
    },
    "13": {
        "Arc91": {
            "clear": 0,
            "ice": 10.979675791674643
        },
        "Arc92": {
            "clear": 0,
            "ice": 12.199639768527408
        }
    },
    "14": {
        "Arc91": {
            "clear": 37.635341967999985,
            "ice": 2.3199850380389755
        },
        "Arc92": {
            "clear": 37.635341967999985,
            "ice": 2.577761153376645
        }
    },
    "15": {
        "Arc91": {
            "clear": 89.05186231200007,
            "ice": 2.149926626850144
        },
        "Arc92": {
            "clear": 89.05186231200007,
            "ice": 2.388807363166826
        }
    },
    "16": {
        "Arc91": {
            "clear": 0,
            "ice": 17.389165540585115
        },
        "Arc92": {
            "clear": 0,
            "ice": 21.272300623957946
        }
    },
    "17": {
        "Arc91": {
            "clear": 0,
            "ice": 27.325397790527607
        },
        "Arc92": {
            "clear": 0,
            "ice": 33.94794774698941
        }
    },
    "18": {
        "Arc91": {
            "clear": 270.59211689999995,
            "ice": 0
        },
        "Arc92": {
            "clear": 270.59211689999995,
            "ice": 0
        }
    },
    "19": {
        "Arc91": {
            "clear": 39.572933316000025,
            "ice": 6.531114056134379
        },
        "Arc92": {
            "clear": 39.572933316000025,
            "ice": 7.859043760193316
        }
    },
    "20": {
        "Arc91": {
            "clear": 49.25760238000002,
            "ice": 7.950099190996832
        },
        "Arc92": {
            "clear": 49.25760238000002,
            "ice": 9.673329804934186
        }
    },
    "21": {
        "Arc91": {
            "clear": 278.1227556000001,
            "ice": 0
        },
        "Arc92": {
            "clear": 278.1227556000001,
            "ice": 0
        }
    },
    "22": {
        "Arc91": {
            "clear": 133.48720964099988,
            "ice": 9.696019806615492
        },
        "Arc92": {
            "clear": 133.48720964099988,
            "ice": 11.912043498796528
        }
    },
    "23": {
        "Arc91": {
            "clear": 0,
            "ice": 17.08577145582083
        },
        "Arc92": {
            "clear": 0,
            "ice": 21.357214319776006
        }
    },
    "24": {
        "Arc91": {
            "clear": 0,
            "ice": 10.738148182834635
        },
        "Arc92": {
            "clear": 0,
            "ice": 12.761914077686761
        }
    },
    "25": {
        "Arc91": {
            "clear": 288.1919175000002,
            "ice": 0
        },
        "Arc92": {
            "clear": 288.1919175000002,
            "ice": 0
        }
    },
    "26": {
        "Arc91": {
            "clear": 107.20209975199978,
            "ice": 1.059348973291246
        },
        "Arc92": {
            "clear": 107.20209975199978,
            "ice": 1.3241862166140572
        }
    },
    "27": {
        "Arc91": {
            "clear": 315.3047628000002,
            "ice": 0
        },
        "Arc92": {
            "clear": 315.3047628000002,
            "ice": 0
        }
    },
    "28": {
        "Arc91": {
            "clear": 69.1686127300001,
            "ice": 0
        },
        "Arc92": {
            "clear": 69.1686127300001,
            "ice": 0
        }
    },
    "29": {
        "Arc91": {
            "clear": 0,
            "ice": 18.5952070236956
        },
        "Arc92": {
            "clear": 0,
            "ice": 23.24400877961957
        }
    },
    "30": {
        "Arc91": {
            "clear": 14.765358639600008,
            "ice": 3.059208630391791
        },
        "Arc92": {
            "clear": 14.765358639600008,
            "ice": 3.82401078798975
        }
    },
    "31": {
        "Arc91": {
            "clear": 0,
            "ice": 21.599544246557148
        },
        "Arc92": {
            "clear": 0,
            "ice": 25.796154402600074
        }
    },
    "32": {
        "Arc91": {
            "clear": 70.94720569300003,
            "ice": 0.4281823317554865
        },
        "Arc92": {
            "clear": 70.94720569300003,
            "ice": 0.47575814639498487
        }
    },
    "33": {
        "Arc91": {
            "clear": 445.9281381999988,
            "ice": 0
        },
        "Arc92": {
            "clear": 445.9281381999988,
            "ice": 0
        }
    },
    "34": {
        "Arc91": {
            "clear": 0,
            "ice": 31.901769084386242
        },
        "Arc92": {
            "clear": 0,
            "ice": 38.695476593113526
        }
    },
    "35": {
        "Arc91": {
            "clear": 0,
            "ice": 16.67786875246958
        },
        "Arc92": {
            "clear": 0,
            "ice": 20.035145518926583
        }
    },
    "36": {
        "Arc91": {
            "clear": 297.1508085000001,
            "ice": 0
        },
        "Arc92": {
            "clear": 297.1508085000001,
            "ice": 0
        }
    },
    "37": {
        "Arc91": {
            "clear": 94.82261583999994,