{
    "0": {
        "Arc91": {
            "clear": 270.0166416000001,
            "ice": 0
        },
        "Arc92": {
            "clear": 270.0166416000001,
            "ice": 0
        }
    },
    "1": {
        "Arc91": {
            "clear": 41.57847544499999,
            "ice": 20.00792475025321
        },
        "Arc92": {
            "clear": 41.57847544499999,
            "ice": 24.78905844104259
        }
    },
    "2": {
        "Arc91": {
            "clear": 13.429780803599993,
            "ice": 2.941919737479476
        },
        "Arc92": {
            "clear": 13.429780803599993,
            "ice": 3.2687997083105302
        }
    },
    "3": {
        "Arc91": {
            "clear": 109.87513471000007,
            "ice": 8.163790526460605
        },
        "Arc92": {
            "clear": 109.87513471000007,
            "ice": 9.070878362734
        }
    },
    "4": {
        "Arc91": {
            "clear": 85.19144817680005,
            "ice": 0.14356652736664158
        },
        "Arc92": {
            "clear": 85.19144817680005,
            "ice": 0.17945815920830196
        }
    },
    "5": {
        "Arc91": {
            "clear": 655.3557373999988,
            "ice": 0
        },
        "Arc92": {
            "clear": 655.3557373999988,
            "ice": 0
        }
    },
    "6": {
        "Arc91": {
            "clear": 410.5701115999994,
            "ice": 0
        },
        "Arc92": {
            "clear": 410.5701115999994,
            "ice": 0
        }
    },
    "7": {
        "Arc91": {
            "clear": 119.56344919999974,
            "ice": 0
        },
        "Arc92": {
            "clear": 119.56344919999974,
            "ice": 0
        }
    },
    "8": {
        "Arc91": {
            "clear": 109.64752778700007,
            "ice": Infinity
        },
        "Arc92": {
            "clear": 109.64752778700007,
            "ice": Infinity
        }
    },
    "9": {
        "Arc91": {
            "clear": 74.549518173,
            "ice": 7.738031250986364
        },
        "Arc92": {
            "clear": 74.549518173,
            "ice": 9.085299200098417
        }
    },
    "10": {
        "Arc91": {
            "clear": 0,
            "ice": 13.420249072117656
        },
        "Arc92": {
            "clear": 0,
            "ice": 16.474249559907953
        }
    },
    "11": {
        "Arc91": {
            "clear": 0,
            "ice": 16.234585150616955
        },
        "Arc92": {
            "clear": 0,
            "ice": 19.84422855284156
        }
    },
    "12": {
        "Arc91": {
            "clear": 71.18164189100008,
            "ice": 5.610582856582992
        },
        "Arc92": {
            "clear": 71.18164189100008,
            "ice": 7.013228570728745
        }
    },
    "13": {
        "Arc91": {
            "clear": 141.2572620150002,
            "ice": 2.0846905485954497
        },
        "Arc92": {
            "clear": 141.2572620150002,
            "ice": 2.316322831772721
        }
    },
    "14": {
        "Arc91": {
            "clear": 76.08884354400007,
            "ice": 0.3007388012272748
        },
        "Arc92": {
            "clear": 76.08884354400007,
            "ice": 0.3341542235858609
        }
    },
    "15": {
        "Arc91": {
            "clear": 123.68314210000021,
            "ice": 0
        },
        "Arc92": {
            "clear": 123.68314210000021,
            "ice": 0
        }
    },
    "16": {
        "Arc91": {
            "clear": 32.011962436999994,
            "ice": 13.821222729521255
        },
        "Arc92": {
            "clear": 32.011962436999994,
            "ice": 15.55119998722084
        }
    },
    "17": {
        "Arc91": {
            "clear": 30.58004034,
            "ice": 22.56717985080445
        },
        "Arc92": {
            "clear": 30.58004034,
            "ice": 26.700258174146818
        }
    },
    "18": {
        "Arc91": {
            "clear": 270.59211689999995,
            "ice": 0
        },
        "Arc92": {
            "clear": 270.59211689999995,
            "ice": 0
        }
    },
    "19": {
        "Arc91": {
            "clear": 17.871647304,
            "ice": 9.796896217154101
        },
        "Arc92": {
            "clear": 17.871647304,
            "ice": 12.246120271442612
        }
    },
    "20": {
        "Arc91": {
            "clear": 40.81344197200001,
            "ice": Infinity
        },
        "Arc92": {
            "clear": 40.81344197200001,
            "ice": Infinity
        }
    },
    "21": {
        "Arc91": {
            "clear": 278.1227556000001,
            "ice": 0
        },
        "Arc92": {
            "clear": 278.1227556000001,
            "ice": 0
        }
    },
    "22": {
        "Arc91": {
            "clear": 146.08034262599992,
            "ice": 10.475152021448137
        },
        "Arc92": {
            "clear": 146.08034262599992,
            "ice": 13.09394002681018
        }
    },
    "23": {
        "Arc91": {
            "clear": 0,
            "ice": 14.797746998300665
        },
        "Arc92": {
            "clear": 0,
            "ice": 16.441941109222938
        }
    },
    "24": {
        "Arc91": {
            "clear": 59.358759174000056,
            "ice": 5.81957300569155
        },
        "Arc92": {
            "clear": 59.358759174000056,
            "ice": 6.525171875643296
        }
    },
    "25": {
        "Arc91": {
            "clear": 288.1919175000002,
            "ice": 0
        },
        "Arc92": {
            "clear": 288.1919175000002,
            "ice": 0
        }
    },
    "26": {
        "Arc91": {
            "clear": 121.8205678999997,
            "ice": 0
        },
        "Arc92": {
            "clear": 121.8205678999997,
            "ice": 0
        }
    },
    "27": {
        "Arc91": {
            "clear": 315.3047628000002,
            "ice": 0
        },
        "Arc92": {
            "clear": 315.3047628000002,
            "ice": 0
        }
    },
    "28": {
        "Arc91": {
            "clear": 69.1686127300001,
            "ice": 0
        },
        "Arc92": {
            "clear": 69.1686127300001,
            "ice": 0
        }
    },
    "29": {
        "Arc91": {
            "clear": 46.97882296000002,
            "ice": 14.22471077313235
        },
        "Arc92": {
            "clear": 46.97882296000002,
            "ice": 17.349283256727144
        }
    },
    "30": {
        "Arc91": {
            "clear": 14.765358639600008,
            "ice": 3.175226303224769
        },
        "Arc92": {
            "clear": 14.765358639600008,
            "ice": 3.9690328790309604
        }
    },
    "31": {
        "Arc91": {
            "clear": 27.757367963999997,
            "ice": 22.18606321809566
        },
        "Arc92": {
            "clear": 27.757367963999997,
            "ice": 27.1384920840447
        }
    },
    "32": {
        "Arc91": {
            "clear": 77.96396229999998,
            "ice": 0
        },
        "Arc92": {
            "clear": 77.96396229999998,
            "ice": 0
        }
    },
    "33": {
        "Arc91": {
            "clear": 445.9281381999988,
            "ice": 0
        },
        "Arc92": {
            "clear": 445.9281381999988,
            "ice": 0
        }
    },
    "34": {
        "Arc91": {
            "clear": 34.901735304,
            "ice": 29.366729282667272
        },
        "Arc92": {
            "clear": 34.901735304,
            "ice": 34.58012747559075
        }
    },
    "35": {
        "Arc91": {
            "clear": 0,
            "ice": 15.403373012383135
        },
        "Arc92": {
            "clear": 0,
            "ice": 17.777943087173675
        }
    },
    "36": {
        "Arc91": {
            "clear": 297.1508085000001,
            "ice": 0
        },
        "Arc92": {
            "clear": 297.1508085000001,
            "ice": 0
        }
    },